ticker,queryCount,resultsCount,adjusted,results,status,request_id,count
AAA,426,426,True,"{'v': 27847, 'vw': 25.0202, 'o': 25.04, 'c': 25.03, 'h': 25.04, 'l': 25.02, 't': 1637643600000, 'n': 35}",OK,24fb97bf3f49d4a7771872aa194ec8a9,426
AAA,426,426,True,"{'v': 496, 'vw': 25.0378, 'o': 25.03, 'c': 25.025, 'h': 25.0399, 'l': 25.025, 't': 1637730000000, 'n': 5}",OK,24fb97bf3f49d4a7771872aa194ec8a9,426
AAA,426,426,True,"{'v': 525, 'vw': 25.0378, 'o': 25.0389, 'c': 25.025, 'h': 25.0389, 'l': 25.025, 't': 1637902800000, 'n': 10}",OK,24fb97bf3f49d4a7771872aa194ec8a9,426
AAA,426,426,True,"{'v': 891, 'vw': 25.0215, 'o': 25.02, 'c': 25.035, 'h': 25.035, 'l': 25.02, 't': 1638162000000, 'n': 12}",OK,24fb97bf3f49d4a7771872aa194ec8a9,426
AAA,426,426,True,"{'v': 106, 'vw': 25.0397, 'o': 25.04, 'c': 25.04, 'h': 25.04, 'l': 25.04, 't': 1638248400000, 'n': 5}",OK,24fb97bf3f49d4a7771872aa194ec8a9,426
AAA,426,426,True,"{'v': 3340, 'vw': 25.0096, 'o': 25, 'c': 25, 'h': 25.0199, 'l': 25, 't': 1638334800000, 'n': 45}",OK,24fb97bf3f49d4a7771872aa194ec8a9,426
AAA,426,426,True,"{'v': 983, 'vw': 25.0058, 'o': 25.0001, 'c': 25, 'h': 25.0199, 'l': 25, 't': 1638421200000, 'n': 14}",OK,24fb97bf3f49d4a7771872aa194ec8a9,426
AAA,426,426,True,"{'v': 380, 'vw': 25.0015, 'o': 25, 'c': 25, 'h': 25, 'l': 25, 't': 1638507600000, 'n': 12}",OK,24fb97bf3f49d4a7771872aa194ec8a9,426
AAA,426,426,True,"{'v': 227, 'vw': 25.0091, 'o': 25.01, 'c': 25.01, 'h': 25.01, 'l': 25.01, 't': 1638766800000, 'n': 11}",OK,24fb97bf3f49d4a7771872aa194ec8a9,426
AAA,426,426,True,"{'v': 367, 'vw': 25.0133, 'o': 25, 'c': 25.015, 'h': 25.025, 'l': 25, 't': 1638853200000, 'n': 13}",OK,24fb97bf3f49d4a7771872aa194ec8a9,426
AAA,426,426,True,"{'v': 2962, 'vw': 25.0106, 'o': 25.01, 'c': 25, 'h': 25.02, 'l': 25, 't': 1638939600000, 'n': 53}",OK,24fb97bf3f49d4a7771872aa194ec8a9,426
AAA,426,426,True,"{'v': 75979, 'vw': 25.0215, 'o': 25, 'c': 25.005, 'h': 25.03, 'l': 24.99, 't': 1639026000000, 'n': 76}",OK,24fb97bf3f49d4a7771872aa194ec8a9,426
AAA,426,426,True,"{'v': 76587, 'vw': 24.9801, 'o': 25, 'c': 24.985, 'h': 25, 'l': 24.98, 't': 1639112400000, 'n': 47}",OK,24fb97bf3f49d4a7771872aa194ec8a9,426
AAA,426,426,True,"{'v': 63, 'vw': 24.994, 'o': 24.99, 'c': 24.99, 'h': 24.99, 'l': 24.99, 't': 1639371600000, 'n': 4}",OK,24fb97bf3f49d4a7771872aa194ec8a9,426
AAA,426,426,True,"{'v': 16765, 'vw': 25.0293, 'o': 25, 'c': 25.03, 'h': 25.04, 'l': 25, 't': 1639458000000, 'n': 104}",OK,24fb97bf3f49d4a7771872aa194ec8a9,426
AAA,426,426,True,"{'v': 355, 'vw': 25.0203, 'o': 25.04, 'c': 25.02, 'h': 25.04, 'l': 25.02, 't': 1639544400000, 'n': 10}",OK,24fb97bf3f49d4a7771872aa194ec8a9,426
AAA,426,426,True,"{'v': 4325, 'vw': 25.0358, 'o': 25.06, 'c': 25.045, 'h': 25.06, 'l': 25.04, 't': 1639630800000, 'n': 49}",OK,24fb97bf3f49d4a7771872aa194ec8a9,426
AAA,426,426,True,"{'v': 62, 'vw': 25.03, 'o': 25.035, 'c': 25.035, 'h': 25.035, 'l': 25.035, 't': 1639717200000, 'n': 3}",OK,24fb97bf3f49d4a7771872aa194ec8a9,426
AAA,426,426,True,"{'v': 42, 'vw': 25.0255, 'o': 25.03, 'c': 25.03, 'h': 25.03, 'l': 25.03, 't': 1639976400000, 'n': 3}",OK,24fb97bf3f49d4a7771872aa194ec8a9,426
AAA,426,426,True,"{'v': 2, 'vw': 25.025, 'o': 25.04, 'c': 25.04, 'h': 25.04, 'l': 25.04, 't': 1640062800000, 'n': 2}",OK,24fb97bf3f49d4a7771872aa194ec8a9,426
AAA,426,426,True,"{'v': 1323, 'vw': 25.0295, 'o': 25.03, 'c': 25.015, 'h': 25.03, 'l': 25.015, 't': 1640149200000, 'n': 18}",OK,24fb97bf3f49d4a7771872aa194ec8a9,426
AAA,426,426,True,"{'v': 216, 'vw': 25.01, 'o': 25.01, 'c': 25.015, 'h': 25.015, 'l': 25.01, 't': 1640235600000, 'n': 4}",OK,24fb97bf3f49d4a7771872aa194ec8a9,426
AAA,426,426,True,"{'v': 33, 'vw': 25.01, 'o': 25.015, 'c': 25.015, 'h': 25.015, 'l': 25.015, 't': 1640581200000, 'n': 4}",OK,24fb97bf3f49d4a7771872aa194ec8a9,426
AAA,426,426,True,"{'v': 400, 'vw': 25.0231, 'o': 25.02, 'c': 25.025, 'h': 25.032, 'l': 25.02, 't': 1640667600000, 'n': 4}",OK,24fb97bf3f49d4a7771872aa194ec8a9,426
AAA,426,426,True,"{'v': 434, 'vw': 25.0004, 'o': 25, 'c': 25.01, 'h': 25.01, 'l': 25, 't': 1640754000000, 'n': 5}",OK,24fb97bf3f49d4a7771872aa194ec8a9,426
AAA,426,426,True,"{'v': 101, 'vw': 25.02, 'o': 25.02, 'c': 25.01, 'h': 25.02, 'l': 25.01, 't': 1640840400000, 'n': 2}",OK,24fb97bf3f49d4a7771872aa194ec8a9,426
AAA,426,426,True,"{'v': 5, 'vw': 25.03, 'o': 25.02, 'c': 25.02, 'h': 25.02, 'l': 25.02, 't': 1640926800000, 'n': 3}",OK,24fb97bf3f49d4a7771872aa194ec8a9,426
AAA,426,426,True,"{'v': 1311, 'vw': 25.0002, 'o': 25, 'c': 25, 'h': 25, 'l': 25, 't': 1641186000000, 'n': 24}",OK,24fb97bf3f49d4a7771872aa194ec8a9,426
AAA,426,426,True,"{'v': 3, 'vw': 25.0063, 'o': 25.0001, 'c': 25.0001, 'h': 25.0001, 'l': 25.0001, 't': 1641272400000, 'n': 3}",OK,24fb97bf3f49d4a7771872aa194ec8a9,426
AAA,426,426,True,"{'v': 12292, 'vw': 25, 'o': 25, 'c': 25, 'h': 25, 'l': 24.999, 't': 1641358800000, 'n': 34}",OK,24fb97bf3f49d4a7771872aa194ec8a9,426
AAA,426,426,True,"{'v': 3176, 'vw': 24.9982, 'o': 25, 'c': 25, 'h': 25, 'l': 24.995, 't': 1641445200000, 'n': 25}",OK,24fb97bf3f49d4a7771872aa194ec8a9,426
AAA,426,426,True,"{'v': 1562, 'vw': 24.9928, 'o': 24.99, 'c': 25, 'h': 25, 'l': 24.99, 't': 1641531600000, 'n': 14}",OK,24fb97bf3f49d4a7771872aa194ec8a9,426
AAA,426,426,True,"{'v': 3641, 'vw': 24.9951, 'o': 24.995, 'c': 25, 'h': 25, 'l': 24.991, 't': 1641790800000, 'n': 51}",OK,24fb97bf3f49d4a7771872aa194ec8a9,426
AAA,426,426,True,"{'v': 1572, 'vw': 24.9885, 'o': 24.99, 'c': 24.99, 'h': 24.99, 'l': 24.99, 't': 1641877200000, 'n': 15}",OK,24fb97bf3f49d4a7771872aa194ec8a9,426
AAA,426,426,True,"{'v': 706, 'vw': 24.9907, 'o': 24.9899, 'c': 24.995, 'h': 24.995, 'l': 24.9899, 't': 1641963600000, 'n': 7}",OK,24fb97bf3f49d4a7771872aa194ec8a9,426
AAA,426,426,True,"{'v': 2406, 'vw': 24.9944, 'o': 25, 'c': 25, 'h': 25, 'l': 24.9901, 't': 1642050000000, 'n': 25}",OK,24fb97bf3f49d4a7771872aa194ec8a9,426
AAA,426,426,True,"{'v': 1271, 'vw': 24.9813, 'o': 24.9801, 'c': 24.985, 'h': 24.985, 'l': 24.9801, 't': 1642136400000, 'n': 10}",OK,24fb97bf3f49d4a7771872aa194ec8a9,426
AAA,426,426,True,"{'v': 1525, 'vw': 24.9759, 'o': 24.9899, 'c': 24.98, 'h': 24.9899, 'l': 24.97, 't': 1642482000000, 'n': 10}",OK,24fb97bf3f49d4a7771872aa194ec8a9,426
AAA,426,426,True,"{'v': 130, 'vw': 25, 'o': 25, 'c': 24.985, 'h': 25, 'l': 24.985, 't': 1642568400000, 'n': 2}",OK,24fb97bf3f49d4a7771872aa194ec8a9,426
AAA,426,426,True,"{'v': 3024, 'vw': 24.996, 'o': 24.999, 'c': 25, 'h': 25, 'l': 24.99, 't': 1642654800000, 'n': 22}",OK,24fb97bf3f49d4a7771872aa194ec8a9,426
AAA,426,426,True,"{'v': 3933, 'vw': 24.991, 'o': 25, 'c': 25, 'h': 25, 'l': 24.985, 't': 1642741200000, 'n': 34}",OK,24fb97bf3f49d4a7771872aa194ec8a9,426
AAA,426,426,True,"{'v': 2822, 'vw': 24.9769, 'o': 24.985, 'c': 25, 'h': 25, 'l': 24.97, 't': 1643000400000, 'n': 27}",OK,24fb97bf3f49d4a7771872aa194ec8a9,426
AAA,426,426,True,"{'v': 335, 'vw': 24.9934, 'o': 25, 'c': 24.985, 'h': 25, 'l': 24.985, 't': 1643086800000, 'n': 9}",OK,24fb97bf3f49d4a7771872aa194ec8a9,426
AAA,426,426,True,"{'v': 4324, 'vw': 24.9934, 'o': 24.99, 'c': 24.99, 'h': 25.0023, 'l': 24.99, 't': 1643173200000, 'n': 13}",OK,24fb97bf3f49d4a7771872aa194ec8a9,426
AAA,426,426,True,"{'v': 4145, 'vw': 25.0017, 'o': 25, 'c': 25.01, 'h': 25.01, 'l': 25, 't': 1643259600000, 'n': 12}",OK,24fb97bf3f49d4a7771872aa194ec8a9,426
AAA,426,426,True,"{'v': 5227, 'vw': 25.001, 'o': 25.01, 'c': 25.01, 'h': 25.01, 'l': 25, 't': 1643346000000, 'n': 18}",OK,24fb97bf3f49d4a7771872aa194ec8a9,426
AAA,426,426,True,"{'v': 2624, 'vw': 24.9947, 'o': 25.01, 'c': 25.01, 'h': 25.01, 'l': 24.99, 't': 1643605200000, 'n': 6}",OK,24fb97bf3f49d4a7771872aa194ec8a9,426
AAA,426,426,True,"{'v': 826, 'vw': 24.9985, 'o': 24.99, 'c': 25, 'h': 25, 'l': 24.99, 't': 1643691600000, 'n': 5}",OK,24fb97bf3f49d4a7771872aa194ec8a9,426
AAA,426,426,True,"{'v': 621, 'vw': 24.9999, 'o': 25, 'c': 25, 'h': 25, 'l': 25, 't': 1643778000000, 'n': 5}",OK,24fb97bf3f49d4a7771872aa194ec8a9,426
AAA,426,426,True,"{'v': 904, 'vw': 24.9934, 'o': 25, 'c': 25, 'h': 25, 'l': 24.98, 't': 1643864400000, 'n': 6}",OK,24fb97bf3f49d4a7771872aa194ec8a9,426
AAA,426,426,True,"{'v': 2879, 'vw': 24.9947, 'o': 24.995, 'c': 25, 'h': 25, 'l': 24.99, 't': 1643950800000, 'n': 21}",OK,24fb97bf3f49d4a7771872aa194ec8a9,426
AAA,426,426,True,"{'v': 714, 'vw': 24.9978, 'o': 25, 'c': 25, 'h': 25, 'l': 25, 't': 1644210000000, 'n': 13}",OK,24fb97bf3f49d4a7771872aa194ec8a9,426
AAA,426,426,True,"{'v': 3172, 'vw': 24.99, 'o': 25, 'c': 25, 'h': 25, 'l': 24.971, 't': 1644296400000, 'n': 36}",OK,24fb97bf3f49d4a7771872aa194ec8a9,426
AAA,426,426,True,"{'v': 1600, 'vw': 24.9908, 'o': 25, 'c': 25, 'h': 25, 'l': 24.985, 't': 1644382800000, 'n': 30}",OK,24fb97bf3f49d4a7771872aa194ec8a9,426
AAA,426,426,True,"{'v': 700, 'vw': 25.001, 'o': 25, 'c': 25.0052, 'h': 25.0052, 'l': 24.9991, 't': 1644469200000, 'n': 6}",OK,24fb97bf3f49d4a7771872aa194ec8a9,426
AAA,426,426,True,"{'v': 22041, 'vw': 25.029, 'o': 24.995, 'c': 24.98, 'h': 25.03, 'l': 24.98, 't': 1644555600000, 'n': 25}",OK,24fb97bf3f49d4a7771872aa194ec8a9,426
AAA,426,426,True,"{'v': 1451, 'vw': 24.9916, 'o': 25, 'c': 25, 'h': 25, 'l': 24.97, 't': 1644814800000, 'n': 24}",OK,24fb97bf3f49d4a7771872aa194ec8a9,426
AAA,426,426,True,"{'v': 1014, 'vw': 24.984, 'o': 24.99, 'c': 24.98, 'h': 24.99, 'l': 24.98, 't': 1644901200000, 'n': 24}",OK,24fb97bf3f49d4a7771872aa194ec8a9,426
AAA,426,426,True,"{'v': 529, 'vw': 24.9996, 'o': 25, 'c': 25, 'h': 25.0001, 'l': 25, 't': 1644987600000, 'n': 21}",OK,24fb97bf3f49d4a7771872aa194ec8a9,426
AAA,426,426,True,"{'v': 1694, 'vw': 25.0068, 'o': 25.0001, 'c': 25.01, 'h': 25.01, 'l': 25.0001, 't': 1645074000000, 'n': 25}",OK,24fb97bf3f49d4a7771872aa194ec8a9,426
AAA,426,426,True,"{'v': 762, 'vw': 25.0067, 'o': 25.005, 'c': 25.005, 'h': 25.005, 'l': 25.005, 't': 1645160400000, 'n': 20}",OK,24fb97bf3f49d4a7771872aa194ec8a9,426
AAA,426,426,True,"{'v': 2694, 'vw': 24.9978, 'o': 24.995, 'c': 25, 'h': 25, 'l': 24.995, 't': 1645506000000, 'n': 11}",OK,24fb97bf3f49d4a7771872aa194ec8a9,426
AAA,426,426,True,"{'v': 270, 'vw': 25.0139, 'o': 25.03, 'c': 25.005, 'h': 25.03, 'l': 25, 't': 1645592400000, 'n': 7}",OK,24fb97bf3f49d4a7771872aa194ec8a9,426
AAA,426,426,True,"{'v': 5473, 'vw': 24.9971, 'o': 25, 'c': 24.9901, 'h': 25, 'l': 24.99, 't': 1645678800000, 'n': 21}",OK,24fb97bf3f49d4a7771872aa194ec8a9,426
AAA,426,426,True,"{'v': 185, 'vw': 24.9914, 'o': 24.99, 'c': 24.995, 'h': 24.995, 'l': 24.99, 't': 1645765200000, 'n': 4}",OK,24fb97bf3f49d4a7771872aa194ec8a9,426
AAA,426,426,True,"{'v': 595, 'vw': 24.888, 'o': 24.9, 'c': 24.89, 'h': 24.9, 'l': 24.8801, 't': 1646024400000, 'n': 13}",OK,24fb97bf3f49d4a7771872aa194ec8a9,426
AAA,426,426,True,"{'v': 484, 'vw': 24.977, 'o': 24.9771, 'c': 24.975, 'h': 24.9771, 'l': 24.975, 't': 1646110800000, 'n': 5}",OK,24fb97bf3f49d4a7771872aa194ec8a9,426
AAA,426,426,True,"{'v': 6291, 'vw': 24.9507, 'o': 24.9, 'c': 24.95, 'h': 24.98, 'l': 24.9, 't': 1646197200000, 'n': 39}",OK,24fb97bf3f49d4a7771872aa194ec8a9,426
AAA,426,426,True,"{'v': 1332, 'vw': 24.9538, 'o': 24.965, 'c': 24.95, 'h': 24.965, 'l': 24.95, 't': 1646283600000, 'n': 23}",OK,24fb97bf3f49d4a7771872aa194ec8a9,426
AAA,426,426,True,"{'v': 4076, 'vw': 24.8841, 'o': 24.919, 'c': 24.9, 'h': 24.919, 'l': 24.87, 't': 1646370000000, 'n': 29}",OK,24fb97bf3f49d4a7771872aa194ec8a9,426
AAA,426,426,True,"{'v': 1304, 'vw': 24.8801, 'o': 24.88, 'c': 24.894, 'h': 24.894, 'l': 24.88, 't': 1646629200000, 'n': 11}",OK,24fb97bf3f49d4a7771872aa194ec8a9,426
AAA,426,426,True,"{'v': 850, 'vw': 24.9096, 'o': 24.9, 'c': 24.9248, 'h': 24.9248, 'l': 24.9, 't': 1646715600000, 'n': 7}",OK,24fb97bf3f49d4a7771872aa194ec8a9,426
AAA,426,426,True,"{'v': 717, 'vw': 24.9059, 'o': 24.915, 'c': 24.8753, 'h': 24.915, 'l': 24.8753, 't': 1646802000000, 'n': 12}",OK,24fb97bf3f49d4a7771872aa194ec8a9,426
AAA,426,426,True,"{'v': 143, 'vw': 24.8965, 'o': 24.9, 'c': 24.89, 'h': 24.9, 'l': 24.89, 't': 1646888400000, 'n': 6}",OK,24fb97bf3f49d4a7771872aa194ec8a9,426
AAA,426,426,True,"{'v': 30, 'vw': 24.9037, 'o': 24.91, 'c': 24.91, 'h': 24.91, 'l': 24.91, 't': 1646974800000, 'n': 3}",OK,24fb97bf3f49d4a7771872aa194ec8a9,426
AAA,426,426,True,"{'v': 697, 'vw': 24.9116, 'o': 24.9, 'c': 24.8766, 'h': 24.935, 'l': 24.8766, 't': 1647230400000, 'n': 14}",OK,24fb97bf3f49d4a7771872aa194ec8a9,426
AAA,426,426,True,"{'v': 1157, 'vw': 24.8809, 'o': 24.88, 'c': 24.89, 'h': 24.89, 'l': 24.88, 't': 1647316800000, 'n': 12}",OK,24fb97bf3f49d4a7771872aa194ec8a9,426
AAA,426,426,True,"{'v': 1735, 'vw': 24.8963, 'o': 24.89, 'c': 24.8751, 'h': 24.9, 'l': 24.8751, 't': 1647403200000, 'n': 7}",OK,24fb97bf3f49d4a7771872aa194ec8a9,426
AAA,426,426,True,"{'v': 614, 'vw': 24.8856, 'o': 24.86, 'c': 24.89, 'h': 24.89, 'l': 24.86, 't': 1647489600000, 'n': 12}",OK,24fb97bf3f49d4a7771872aa194ec8a9,426
AAA,426,426,True,"{'v': 2514, 'vw': 24.8637, 'o': 24.875, 'c': 24.88, 'h': 24.88, 'l': 24.8254, 't': 1647576000000, 'n': 16}",OK,24fb97bf3f49d4a7771872aa194ec8a9,426
AAA,426,426,True,"{'v': 129, 'vw': 24.853, 'o': 24.8541, 'c': 24.865, 'h': 24.865, 'l': 24.8541, 't': 1647835200000, 'n': 6}",OK,24fb97bf3f49d4a7771872aa194ec8a9,426
AAA,426,426,True,"{'v': 56, 'vw': 24.8489, 'o': 24.84, 'c': 24.84, 'h': 24.84, 'l': 24.84, 't': 1647921600000, 'n': 2}",OK,24fb97bf3f49d4a7771872aa194ec8a9,426
AAA,426,426,True,"{'v': 682, 'vw': 24.8118, 'o': 24.83, 'c': 24.775, 'h': 24.83, 'l': 24.775, 't': 1648008000000, 'n': 9}",OK,24fb97bf3f49d4a7771872aa194ec8a9,426
AAA,426,426,True,"{'v': 1, 'vw': 24.8, 'o': 24.785, 'c': 24.785, 'h': 24.785, 'l': 24.785, 't': 1648094400000, 'n': 1}",OK,24fb97bf3f49d4a7771872aa194ec8a9,426
AAA,426,426,True,"{'v': 428, 'vw': 24.7976, 'o': 24.8, 'c': 24.785, 'h': 24.8, 'l': 24.785, 't': 1648180800000, 'n': 36}",OK,24fb97bf3f49d4a7771872aa194ec8a9,426
AAA,426,426,True,"{'v': 1112, 'vw': 24.8123, 'o': 24.82, 'c': 24.81, 'h': 24.82, 'l': 24.81, 't': 1648440000000, 'n': 13}",OK,24fb97bf3f49d4a7771872aa194ec8a9,426
AAA,426,426,True,"{'v': 62, 'vw': 24.7861, 'o': 24.785, 'c': 24.785, 'h': 24.785, 'l': 24.785, 't': 1648526400000, 'n': 15}",OK,24fb97bf3f49d4a7771872aa194ec8a9,426
AAA,426,426,True,"{'v': 267, 'vw': 24.8074, 'o': 24.82, 'c': 24.82, 'h': 24.82, 'l': 24.82, 't': 1648612800000, 'n': 4}",OK,24fb97bf3f49d4a7771872aa194ec8a9,426
AAA,426,426,True,"{'v': 101, 'vw': 24.8614, 'o': 24.86, 'c': 24.8253, 'h': 24.86, 'l': 24.8253, 't': 1648699200000, 'n': 2}",OK,24fb97bf3f49d4a7771872aa194ec8a9,426
AAA,426,426,True,"{'v': 29944, 'vw': 24.7729, 'o': 24.77, 'c': 24.775, 'h': 24.78, 'l': 24.77, 't': 1648785600000, 'n': 33}",OK,24fb97bf3f49d4a7771872aa194ec8a9,426
AAA,426,426,True,"{'v': 1331, 'vw': 24.8448, 'o': 24.85, 'c': 24.81, 'h': 24.85, 'l': 24.81, 't': 1649044800000, 'n': 15}",OK,24fb97bf3f49d4a7771872aa194ec8a9,426
AAA,426,426,True,"{'v': 4, 'vw': 24.8725, 'o': 24.865, 'c': 24.865, 'h': 24.865, 'l': 24.865, 't': 1649131200000, 'n': 4}",OK,24fb97bf3f49d4a7771872aa194ec8a9,426
AAA,426,426,True,"{'v': 211, 'vw': 24.8411, 'o': 24.83, 'c': 24.8349, 'h': 24.8349, 'l': 24.83, 't': 1649217600000, 'n': 9}",OK,24fb97bf3f49d4a7771872aa194ec8a9,426
AAA,426,426,True,"{'v': 3686, 'vw': 24.8038, 'o': 24.82, 'c': 24.835, 'h': 24.835, 'l': 24.8, 't': 1649304000000, 'n': 21}",OK,24fb97bf3f49d4a7771872aa194ec8a9,426
AAA,426,426,True,"{'v': 0, 'o': 24.855, 'c': 24.855, 'h': 24.855, 'l': 24.855, 't': 1649390400000}",OK,24fb97bf3f49d4a7771872aa194ec8a9,426
AAA,426,426,True,"{'v': 124, 'vw': 24.8725, 'o': 24.87, 'c': 24.855, 'h': 24.87, 'l': 24.855, 't': 1649649600000, 'n': 5}",OK,24fb97bf3f49d4a7771872aa194ec8a9,426
AAA,426,426,True,"{'v': 301, 'vw': 24.89, 'o': 24.89, 'c': 24.855, 'h': 24.89, 'l': 24.855, 't': 1649736000000, 'n': 2}",OK,24fb97bf3f49d4a7771872aa194ec8a9,426
AAA,426,426,True,"{'v': 337, 'vw': 24.8732, 'o': 24.875, 'c': 24.855, 'h': 24.875, 'l': 24.855, 't': 1649822400000, 'n': 6}",OK,24fb97bf3f49d4a7771872aa194ec8a9,426
AAA,426,426,True,"{'v': 494, 'vw': 24.8664, 'o': 24.8655, 'c': 24.86, 'h': 24.8655, 'l': 24.86, 't': 1649908800000, 'n': 7}",OK,24fb97bf3f49d4a7771872aa194ec8a9,426
AAA,426,426,True,"{'v': 904, 'vw': 24.8859, 'o': 24.8883, 'c': 24.8683, 'h': 24.91, 'l': 24.8611, 't': 1650254400000, 'n': 8}",OK,24fb97bf3f49d4a7771872aa194ec8a9,426
AAA,426,426,True,"{'v': 321, 'vw': 24.7805, 'o': 24.72, 'c': 24.88, 'h': 24.88, 'l': 24.72, 't': 1650340800000, 'n': 14}",OK,24fb97bf3f49d4a7771872aa194ec8a9,426
AAA,426,426,True,"{'v': 156, 'vw': 24.8957, 'o': 24.875, 'c': 24.875, 'h': 24.875, 'l': 24.875, 't': 1650427200000, 'n': 6}",OK,24fb97bf3f49d4a7771872aa194ec8a9,426
AAA,426,426,True,"{'v': 138, 'vw': 24.8308, 'o': 24.855, 'c': 24.855, 'h': 24.855, 'l': 24.855, 't': 1650513600000, 'n': 8}",OK,24fb97bf3f49d4a7771872aa194ec8a9,426
AAA,426,426,True,"{'v': 493, 'vw': 24.8487, 'o': 24.855, 'c': 24.855, 'h': 24.855, 'l': 24.855, 't': 1650600000000, 'n': 7}",OK,24fb97bf3f49d4a7771872aa194ec8a9,426
AAA,426,426,True,"{'v': 2327, 'vw': 24.7743, 'o': 24.83, 'c': 24.6, 'h': 24.8303, 'l': 24.6, 't': 1650859200000, 'n': 25}",OK,24fb97bf3f49d4a7771872aa194ec8a9,426
AAA,426,426,True,"{'v': 528, 'vw': 24.843, 'o': 24.8452, 'c': 24.855, 'h': 24.855, 'l': 24.8452, 't': 1650945600000, 'n': 6}",OK,24fb97bf3f49d4a7771872aa194ec8a9,426
AAA,426,426,True,"{'v': 903, 'vw': 24.8202, 'o': 24.82, 'c': 24.83, 'h': 24.83, 'l': 24.82, 't': 1651032000000, 'n': 15}",OK,24fb97bf3f49d4a7771872aa194ec8a9,426
AAA,426,426,True,"{'v': 246, 'vw': 24.8504, 'o': 24.8562, 'c': 24.845, 'h': 24.8562, 'l': 24.845, 't': 1651118400000, 'n': 4}",OK,24fb97bf3f49d4a7771872aa194ec8a9,426
AAA,426,426,True,"{'v': 18, 'vw': 24.8843, 'o': 24.825, 'c': 24.825, 'h': 24.825, 'l': 24.825, 't': 1651204800000, 'n': 6}",OK,24fb97bf3f49d4a7771872aa194ec8a9,426
AAA,426,426,True,"{'v': 22, 'vw': 24.9377, 'o': 24.76, 'c': 24.76, 'h': 24.76, 'l': 24.76, 't': 1651464000000, 'n': 10}",OK,24fb97bf3f49d4a7771872aa194ec8a9,426
AAA,426,426,True,"{'v': 610, 'vw': 24.7159, 'o': 24.7, 'c': 24.7, 'h': 24.73, 'l': 24.7, 't': 1651550400000, 'n': 10}",OK,24fb97bf3f49d4a7771872aa194ec8a9,426
AAA,426,426,True,"{'v': 1107, 'vw': 24.708, 'o': 24.7209, 'c': 24.73, 'h': 24.73, 'l': 24.7, 't': 1651636800000, 'n': 15}",OK,24fb97bf3f49d4a7771872aa194ec8a9,426
AAA,426,426,True,"{'v': 23, 'vw': 24.7418, 'o': 24.73, 'c': 24.73, 'h': 24.73, 'l': 24.73, 't': 1651723200000, 'n': 4}",OK,24fb97bf3f49d4a7771872aa194ec8a9,426
AAA,426,426,True,"{'v': 4, 'vw': 24.6975, 'o': 24.71, 'c': 24.71, 'h': 24.71, 'l': 24.71, 't': 1651809600000, 'n': 3}",OK,24fb97bf3f49d4a7771872aa194ec8a9,426
AAA,426,426,True,"{'v': 236, 'vw': 24.6847, 'o': 24.68, 'c': 24.68, 'h': 24.68, 'l': 24.68, 't': 1652068800000, 'n': 5}",OK,24fb97bf3f49d4a7771872aa194ec8a9,426
AAA,426,426,True,"{'v': 100, 'vw': 24.67, 'o': 24.67, 'c': 24.685, 'h': 24.685, 'l': 24.67, 't': 1652155200000, 'n': 1}",OK,24fb97bf3f49d4a7771872aa194ec8a9,426
AAA,426,426,True,"{'v': 51, 'vw': 24.6833, 'o': 24.675, 'c': 24.675, 'h': 24.675, 'l': 24.675, 't': 1652241600000, 'n': 3}",OK,24fb97bf3f49d4a7771872aa194ec8a9,426
AAA,426,426,True,"{'v': 100, 'vw': 24.63, 'o': 24.63, 'c': 24.64, 'h': 24.64, 'l': 24.63, 't': 1652328000000, 'n': 1}",OK,24fb97bf3f49d4a7771872aa194ec8a9,426
AAA,426,426,True,"{'v': 730, 'vw': 24.6089, 'o': 24.6, 'c': 24.64, 'h': 24.64, 'l': 24.6, 't': 1652414400000, 'n': 9}",OK,24fb97bf3f49d4a7771872aa194ec8a9,426
AAA,426,426,True,"{'v': 19171, 'vw': 24.5893, 'o': 24.62, 'c': 24.55, 'h': 24.62, 'l': 24.55, 't': 1652673600000, 'n': 31}",OK,24fb97bf3f49d4a7771872aa194ec8a9,426
AAA,426,426,True,"{'v': 3, 'vw': 24.55, 'o': 24.555, 'c': 24.555, 'h': 24.555, 'l': 24.555, 't': 1652760000000, 'n': 1}",OK,24fb97bf3f49d4a7771872aa194ec8a9,426
AAA,426,426,True,"{'v': 492, 'vw': 24.4634, 'o': 24.46, 'c': 24.45, 'h': 24.46, 'l': 24.45, 't': 1652846400000, 'n': 10}",OK,24fb97bf3f49d4a7771872aa194ec8a9,426
AAA,426,426,True,"{'v': 11637, 'vw': 24.44, 'o': 24.44, 'c': 24.48, 'h': 24.48, 'l': 24.44, 't': 1652932800000, 'n': 20}",OK,24fb97bf3f49d4a7771872aa194ec8a9,426
AAA,426,426,True,"{'v': 3301, 'vw': 24.4364, 'o': 24.44, 'c': 24.48, 'h': 24.48, 'l': 24.43, 't': 1653019200000, 'n': 34}",OK,24fb97bf3f49d4a7771872aa194ec8a9,426
AAA,426,426,True,"{'v': 608, 'vw': 24.474, 'o': 24.46, 'c': 24.51, 'h': 24.51, 'l': 24.46, 't': 1653278400000, 'n': 9}",OK,24fb97bf3f49d4a7771872aa194ec8a9,426
AAA,426,426,True,"{'v': 12, 'vw': 24.4367, 'o': 24.455, 'c': 24.455, 'h': 24.455, 'l': 24.455, 't': 1653364800000, 'n': 3}",OK,24fb97bf3f49d4a7771872aa194ec8a9,426
AAA,426,426,True,"{'v': 200, 'vw': 24.4799, 'o': 24.48, 'c': 24.455, 'h': 24.48, 'l': 24.455, 't': 1653451200000, 'n': 3}",OK,24fb97bf3f49d4a7771872aa194ec8a9,426
AAA,426,426,True,"{'v': 0, 'o': 24.455, 'c': 24.455, 'h': 24.455, 'l': 24.455, 't': 1653537600000}",OK,24fb97bf3f49d4a7771872aa194ec8a9,426
AAA,426,426,True,"{'v': 22, 'vw': 24.4984, 'o': 24.465, 'c': 24.465, 'h': 24.465, 'l': 24.465, 't': 1653624000000, 'n': 3}",OK,24fb97bf3f49d4a7771872aa194ec8a9,426
AAA,426,426,True,"{'v': 3, 'vw': 24.48, 'o': 24.465, 'c': 24.465, 'h': 24.465, 'l': 24.465, 't': 1653969600000, 'n': 3}",OK,24fb97bf3f49d4a7771872aa194ec8a9,426
AAA,426,426,True,"{'v': 51, 'vw': 24.4498, 'o': 24.425, 'c': 24.425, 'h': 24.425, 'l': 24.425, 't': 1654056000000, 'n': 4}",OK,24fb97bf3f49d4a7771872aa194ec8a9,426
AAA,426,426,True,"{'v': 25, 'vw': 24.4594, 'o': 24.405, 'c': 24.405, 'h': 24.405, 'l': 24.405, 't': 1654142400000, 'n': 5}",OK,24fb97bf3f49d4a7771872aa194ec8a9,426
AAA,426,426,True,"{'v': 21, 'vw': 24.4267, 'o': 24.435, 'c': 24.435, 'h': 24.435, 'l': 24.435, 't': 1654228800000, 'n': 5}",OK,24fb97bf3f49d4a7771872aa194ec8a9,426
AAA,426,426,True,"{'v': 227, 'vw': 24.4481, 'o': 24.42, 'c': 24.47, 'h': 24.47, 'l': 24.42, 't': 1654488000000, 'n': 6}",OK,24fb97bf3f49d4a7771872aa194ec8a9,426
AAA,426,426,True,"{'v': 400, 'vw': 24.4376, 'o': 24.4301, 'c': 24.46, 'h': 24.46, 'l': 24.4301, 't': 1654574400000, 'n': 3}",OK,24fb97bf3f49d4a7771872aa194ec8a9,426
AAA,426,426,True,"{'v': 241, 'vw': 24.5215, 'o': 24.53, 'c': 24.53, 'h': 24.53, 'l': 24.53, 't': 1654660800000, 'n': 4}",OK,24fb97bf3f49d4a7771872aa194ec8a9,426
AAA,426,426,True,"{'v': 11, 'vw': 24.4801, 'o': 24.51, 'c': 24.51, 'h': 24.51, 'l': 24.51, 't': 1654747200000, 'n': 2}",OK,24fb97bf3f49d4a7771872aa194ec8a9,426
AAA,426,426,True,"{'v': 0, 'o': 24.51, 'c': 24.51, 'h': 24.51, 'l': 24.51, 't': 1654833600000}",OK,24fb97bf3f49d4a7771872aa194ec8a9,426
AAA,426,426,True,"{'v': 28, 'vw': 24.552, 'o': 24.52, 'c': 24.52, 'h': 24.52, 'l': 24.52, 't': 1655092800000, 'n': 4}",OK,24fb97bf3f49d4a7771872aa194ec8a9,426
AAA,426,426,True,"{'v': 74, 'vw': 24.5001, 'o': 24.52, 'c': 24.52, 'h': 24.52, 'l': 24.52, 't': 1655179200000, 'n': 3}",OK,24fb97bf3f49d4a7771872aa194ec8a9,426
AAA,426,426,True,"{'v': 113, 'vw': 24.4338, 'o': 24.43, 'c': 24.45, 'h': 24.45, 'l': 24.43, 't': 1655265600000, 'n': 5}",OK,24fb97bf3f49d4a7771872aa194ec8a9,426
AAA,426,426,True,"{'v': 0, 'o': 24.46, 'c': 24.46, 'h': 24.46, 'l': 24.46, 't': 1655352000000}",OK,24fb97bf3f49d4a7771872aa194ec8a9,426
AAA,426,426,True,"{'v': 200, 'vw': 24.4401, 'o': 24.45, 'c': 24.45, 'h': 24.45, 'l': 24.4301, 't': 1655438400000, 'n': 2}",OK,24fb97bf3f49d4a7771872aa194ec8a9,426
AAA,426,426,True,"{'v': 9, 'vw': 24.44, 'o': 24.44, 'c': 24.44, 'h': 24.44, 'l': 24.44, 't': 1655784000000, 'n': 2}",OK,24fb97bf3f49d4a7771872aa194ec8a9,426
AAA,426,426,True,"{'v': 636, 'vw': 24.39, 'o': 24.415, 'c': 24.415, 'h': 24.415, 'l': 24.28, 't': 1655870400000, 'n': 10}",OK,24fb97bf3f49d4a7771872aa194ec8a9,426
AAA,426,426,True,"{'v': 365, 'vw': 24.382, 'o': 24.395, 'c': 24.39, 'h': 24.395, 'l': 24.39, 't': 1655956800000, 'n': 11}",OK,24fb97bf3f49d4a7771872aa194ec8a9,426
AAA,426,426,True,"{'v': 6, 'vw': 24.3717, 'o': 24.365, 'c': 24.365, 'h': 24.365, 'l': 24.365, 't': 1656043200000, 'n': 4}",OK,24fb97bf3f49d4a7771872aa194ec8a9,426
AAA,426,426,True,"{'v': 540, 'vw': 24.3732, 'o': 24.38, 'c': 24.365, 'h': 24.38, 'l': 24.365, 't': 1656302400000, 'n': 21}",OK,24fb97bf3f49d4a7771872aa194ec8a9,426
AAA,426,426,True,"{'v': 9101, 'vw': 24.3908, 'o': 24.39, 'c': 24.385, 'h': 24.39, 'l': 24.36, 't': 1656388800000, 'n': 23}",OK,24fb97bf3f49d4a7771872aa194ec8a9,426
AAA,426,426,True,"{'v': 617, 'vw': 24.3932, 'o': 24.38, 'c': 24.38, 'h': 24.4, 'l': 24.38, 't': 1656475200000, 'n': 13}",OK,24fb97bf3f49d4a7771872aa194ec8a9,426
AAA,426,426,True,"{'v': 549, 'vw': 24.2757, 'o': 24.33, 'c': 24.3, 'h': 24.33, 'l': 24.19, 't': 1656561600000, 'n': 4}",OK,24fb97bf3f49d4a7771872aa194ec8a9,426
AAA,426,426,True,"{'v': 104, 'vw': 24.2903, 'o': 24.29, 'c': 24.3, 'h': 24.3, 'l': 24.29, 't': 1656648000000, 'n': 4}",OK,24fb97bf3f49d4a7771872aa194ec8a9,426
AAA,426,426,True,"{'v': 5, 'vw': 24.32, 'o': 24.335, 'c': 24.335, 'h': 24.335, 'l': 24.335, 't': 1656993600000, 'n': 2}",OK,24fb97bf3f49d4a7771872aa194ec8a9,426
AAA,426,426,True,"{'v': 606, 'vw': 24.2294, 'o': 24.21, 'c': 24.2, 'h': 24.255, 'l': 24.2, 't': 1657080000000, 'n': 8}",OK,24fb97bf3f49d4a7771872aa194ec8a9,426
AAA,426,426,True,"{'v': 117, 'vw': 24.2438, 'o': 24.24, 'c': 24.255, 'h': 24.255, 'l': 24.24, 't': 1657166400000, 'n': 5}",OK,24fb97bf3f49d4a7771872aa194ec8a9,426
AAA,426,426,True,"{'v': 115, 'vw': 24.2602, 'o': 24.275, 'c': 24.275, 'h': 24.275, 'l': 24.275, 't': 1657252800000, 'n': 4}",OK,24fb97bf3f49d4a7771872aa194ec8a9,426
AAA,426,426,True,"{'v': 0, 'o': 24.295, 'c': 24.295, 'h': 24.295, 'l': 24.295, 't': 1657512000000}",OK,24fb97bf3f49d4a7771872aa194ec8a9,426
AAA,426,426,True,"{'v': 24, 'vw': 24.256, 'o': 24.2949, 'c': 24.2949, 'h': 24.2949, 'l': 24.2949, 't': 1657598400000, 'n': 4}",OK,24fb97bf3f49d4a7771872aa194ec8a9,426
AAA,426,426,True,"{'v': 0, 'o': 24.295, 'c': 24.295, 'h': 24.295, 'l': 24.295, 't': 1657684800000}",OK,24fb97bf3f49d4a7771872aa194ec8a9,426
AAA,426,426,True,"{'v': 5, 'vw': 24.28, 'o': 24.265, 'c': 24.265, 'h': 24.265, 'l': 24.265, 't': 1657771200000, 'n': 3}",OK,24fb97bf3f49d4a7771872aa194ec8a9,426
AAA,426,426,True,"{'v': 0, 'o': 24.265, 'c': 24.265, 'h': 24.265, 'l': 24.265, 't': 1657857600000}",OK,24fb97bf3f49d4a7771872aa194ec8a9,426
AAA,426,426,True,"{'v': 0, 'o': 24.285, 'c': 24.285, 'h': 24.285, 'l': 24.285, 't': 1658116800000}",OK,24fb97bf3f49d4a7771872aa194ec8a9,426
AAA,426,426,True,"{'v': 59602, 'vw': 24.2699, 'o': 24.27, 'c': 24.27, 'h': 24.27, 'l': 24.25, 't': 1658203200000, 'n': 22}",OK,24fb97bf3f49d4a7771872aa194ec8a9,426
AAA,426,426,True,"{'v': 15003, 'vw': 24.2546, 'o': 24.26, 'c': 24.25, 'h': 24.26, 'l': 24.25, 't': 1658289600000, 'n': 105}",OK,24fb97bf3f49d4a7771872aa194ec8a9,426
AAA,426,426,True,"{'v': 14501, 'vw': 24.26, 'o': 24.26, 'c': 24.245, 'h': 24.26, 'l': 24.245, 't': 1658376000000, 'n': 146}",OK,24fb97bf3f49d4a7771872aa194ec8a9,426
AAA,426,426,True,"{'v': 2, 'vw': 24.2, 'o': 24.22, 'c': 24.22, 'h': 24.22, 'l': 24.22, 't': 1658462400000, 'n': 2}",OK,24fb97bf3f49d4a7771872aa194ec8a9,426
AAA,426,426,True,"{'v': 11296, 'vw': 24.2493, 'o': 24.3, 'c': 24.26, 'h': 24.3, 'l': 24.24, 't': 1658721600000, 'n': 49}",OK,24fb97bf3f49d4a7771872aa194ec8a9,426
AAA,426,426,True,"{'v': 2, 'vw': 24.2528, 'o': 24.26, 'c': 24.26, 'h': 24.26, 'l': 24.26, 't': 1658808000000, 'n': 2}",OK,24fb97bf3f49d4a7771872aa194ec8a9,426
AAA,426,426,True,"{'v': 101, 'vw': 24.2405, 'o': 24.24, 'c': 24.24, 'h': 24.24, 'l': 24.24, 't': 1658894400000, 'n': 2}",OK,24fb97bf3f49d4a7771872aa194ec8a9,426
AAA,426,426,True,"{'v': 150, 'vw': 24.3169, 'o': 24.32, 'c': 24.29, 'h': 24.32, 'l': 24.29, 't': 1658980800000, 'n': 4}",OK,24fb97bf3f49d4a7771872aa194ec8a9,426
AAA,426,426,True,"{'v': 20, 'vw': 24.327, 'o': 24.3, 'c': 24.3, 'h': 24.3, 'l': 24.3, 't': 1659067200000, 'n': 3}",OK,24fb97bf3f49d4a7771872aa194ec8a9,426
AAA,426,426,True,"{'v': 1, 'vw': 24.22, 'o': 24.25, 'c': 24.25, 'h': 24.25, 'l': 24.25, 't': 1659326400000, 'n': 1}",OK,24fb97bf3f49d4a7771872aa194ec8a9,426
AAA,426,426,True,"{'v': 121, 'vw': 24.29, 'o': 24.26, 'c': 24.26, 'h': 24.29, 'l': 24.26, 't': 1659412800000, 'n': 3}",OK,24fb97bf3f49d4a7771872aa194ec8a9,426
AAA,426,426,True,"{'v': 1, 'vw': 24.3, 'o': 24.27, 'c': 24.27, 'h': 24.27, 'l': 24.27, 't': 1659499200000, 'n': 1}",OK,24fb97bf3f49d4a7771872aa194ec8a9,426
AAA,426,426,True,"{'v': 24, 'vw': 24.2852, 'o': 24.27, 'c': 24.27, 'h': 24.27, 'l': 24.27, 't': 1659585600000, 'n': 5}",OK,24fb97bf3f49d4a7771872aa194ec8a9,426
AAA,426,426,True,"{'v': 206, 'vw': 24.2763, 'o': 24.28, 'c': 24.28, 'h': 24.28, 'l': 24.28, 't': 1659672000000, 'n': 8}",OK,24fb97bf3f49d4a7771872aa194ec8a9,426
AAA,426,426,True,"{'v': 102, 'vw': 24.3525, 'o': 24.345, 'c': 24.345, 'h': 24.345, 'l': 24.345, 't': 1659931200000, 'n': 5}",OK,24fb97bf3f49d4a7771872aa194ec8a9,426
AAA,426,426,True,"{'v': 0, 'o': 24.33, 'c': 24.33, 'h': 24.33, 'l': 24.33, 't': 1660017600000}",OK,24fb97bf3f49d4a7771872aa194ec8a9,426
AAA,426,426,True,"{'v': 1, 'vw': 24.31, 'o': 24.33, 'c': 24.33, 'h': 24.33, 'l': 24.33, 't': 1660104000000, 'n': 1}",OK,24fb97bf3f49d4a7771872aa194ec8a9,426
AAA,426,426,True,"{'v': 852, 'vw': 24.3363, 'o': 24.3113, 'c': 24.335, 'h': 24.3584, 'l': 24.3113, 't': 1660190400000, 'n': 4}",OK,24fb97bf3f49d4a7771872aa194ec8a9,426
AAA,426,426,True,"{'v': 12, 'vw': 24.3758, 'o': 24.36, 'c': 24.36, 'h': 24.36, 'l': 24.36, 't': 1660276800000, 'n': 2}",OK,24fb97bf3f49d4a7771872aa194ec8a9,426
AAA,426,426,True,"{'v': 7, 'vw': 24.3586, 'o': 24.36, 'c': 24.36, 'h': 24.36, 'l': 24.36, 't': 1660536000000, 'n': 6}",OK,24fb97bf3f49d4a7771872aa194ec8a9,426
AAA,426,426,True,"{'v': 165, 'vw': 24.361, 'o': 24.3601, 'c': 24.39, 'h': 24.39, 'l': 24.3601, 't': 1660622400000, 'n': 5}",OK,24fb97bf3f49d4a7771872aa194ec8a9,426
AAA,426,426,True,"{'v': 3, 'vw': 24.3995, 'o': 24.39, 'c': 24.39, 'h': 24.39, 'l': 24.39, 't': 1660708800000, 'n': 3}",OK,24fb97bf3f49d4a7771872aa194ec8a9,426
AAA,426,426,True,"{'v': 2, 'vw': 24.4102, 'o': 24.41, 'c': 24.41, 'h': 24.41, 'l': 24.41, 't': 1660795200000, 'n': 2}",OK,24fb97bf3f49d4a7771872aa194ec8a9,426
AAA,426,426,True,"{'v': 6, 'vw': 24.43, 'o': 24.41, 'c': 24.41, 'h': 24.41, 'l': 24.41, 't': 1660881600000, 'n': 1}",OK,24fb97bf3f49d4a7771872aa194ec8a9,426
AAA,426,426,True,"{'v': 826, 'vw': 24.4412, 'o': 24.45, 'c': 24.42, 'h': 24.45, 'l': 24.42, 't': 1661140800000, 'n': 13}",OK,24fb97bf3f49d4a7771872aa194ec8a9,426
AAA,426,426,True,"{'v': 445, 'vw': 24.4599, 'o': 24.4599, 'c': 24.43, 'h': 24.46, 'l': 24.43, 't': 1661227200000, 'n': 5}",OK,24fb97bf3f49d4a7771872aa194ec8a9,426
AAA,426,426,True,"{'v': 0, 'o': 24.43, 'c': 24.43, 'h': 24.43, 'l': 24.43, 't': 1661313600000}",OK,24fb97bf3f49d4a7771872aa194ec8a9,426
AAA,426,426,True,"{'v': 21, 'vw': 24.4599, 'o': 24.43, 'c': 24.43, 'h': 24.43, 'l': 24.43, 't': 1661400000000, 'n': 2}",OK,24fb97bf3f49d4a7771872aa194ec8a9,426
AAA,426,426,True,"{'v': 206, 'vw': 24.4098, 'o': 24.41, 'c': 24.43, 'h': 24.43, 'l': 24.41, 't': 1661486400000, 'n': 4}",OK,24fb97bf3f49d4a7771872aa194ec8a9,426
AAA,426,426,True,"{'v': 331, 'vw': 24.4182, 'o': 24.415, 'c': 24.43, 'h': 24.43, 'l': 24.415, 't': 1661745600000, 'n': 5}",OK,24fb97bf3f49d4a7771872aa194ec8a9,426
AAA,426,426,True,"{'v': 1, 'vw': 24.45, 'o': 24.43, 'c': 24.43, 'h': 24.43, 'l': 24.43, 't': 1661832000000, 'n': 1}",OK,24fb97bf3f49d4a7771872aa194ec8a9,426
AAA,426,426,True,"{'v': 1, 'vw': 24.4349, 'o': 24.41, 'c': 24.41, 'h': 24.41, 'l': 24.41, 't': 1661918400000, 'n': 1}",OK,24fb97bf3f49d4a7771872aa194ec8a9,426
AAA,426,426,True,"{'v': 110, 'vw': 24.3592, 'o': 24.36, 'c': 24.34, 'h': 24.36, 'l': 24.34, 't': 1662004800000, 'n': 4}",OK,24fb97bf3f49d4a7771872aa194ec8a9,426
AAA,426,426,True,"{'v': 465, 'vw': 24.4084, 'o': 24.41, 'c': 24.365, 'h': 24.41, 'l': 24.365, 't': 1662091200000, 'n': 12}",OK,24fb97bf3f49d4a7771872aa194ec8a9,426
AAA,426,426,True,"{'v': 55, 'vw': 24.3218, 'o': 24.32, 'c': 24.32, 'h': 24.32, 'l': 24.32, 't': 1662436800000, 'n': 11}",OK,24fb97bf3f49d4a7771872aa194ec8a9,426
AAA,426,426,True,"{'v': 15, 'vw': 24.318, 'o': 24.32, 'c': 24.32, 'h': 24.32, 'l': 24.32, 't': 1662523200000, 'n': 2}",OK,24fb97bf3f49d4a7771872aa194ec8a9,426
AAA,426,426,True,"{'v': 2, 'vw': 24.33, 'o': 24.33, 'c': 24.33, 'h': 24.33, 'l': 24.33, 't': 1662609600000, 'n': 1}",OK,24fb97bf3f49d4a7771872aa194ec8a9,426
AAA,426,426,True,"{'v': 3, 'vw': 24.3367, 'o': 24.33, 'c': 24.33, 'h': 24.33, 'l': 24.33, 't': 1662696000000, 'n': 3}",OK,24fb97bf3f49d4a7771872aa194ec8a9,426
AAA,426,426,True,"{'v': 84, 'vw': 24.29, 'o': 24.31, 'c': 24.31, 'h': 24.31, 'l': 24.31, 't': 1662955200000, 'n': 3}",OK,24fb97bf3f49d4a7771872aa194ec8a9,426
AAA,426,426,True,"{'v': 34, 'vw': 24.36, 'o': 24.33, 'c': 24.33, 'h': 24.33, 'l': 24.33, 't': 1663041600000, 'n': 2}",OK,24fb97bf3f49d4a7771872aa194ec8a9,426
AAA,426,426,True,"{'v': 41, 'vw': 24.2843, 'o': 24.31, 'c': 24.31, 'h': 24.31, 'l': 24.31, 't': 1663128000000, 'n': 6}",OK,24fb97bf3f49d4a7771872aa194ec8a9,426
AAA,426,426,True,"{'v': 0, 'o': 24.31, 'c': 24.31, 'h': 24.31, 'l': 24.31, 't': 1663214400000}",OK,24fb97bf3f49d4a7771872aa194ec8a9,426
AAA,426,426,True,"{'v': 111, 'vw': 24.2902, 'o': 24.28, 'c': 24.28, 'h': 24.28, 'l': 24.28, 't': 1663300800000, 'n': 4}",OK,24fb97bf3f49d4a7771872aa194ec8a9,426
AAA,426,426,True,"{'v': 2, 'vw': 24.28, 'o': 24.28, 'c': 24.28, 'h': 24.28, 'l': 24.28, 't': 1663560000000, 'n': 2}",OK,24fb97bf3f49d4a7771872aa194ec8a9,426
AAA,426,426,True,"{'v': 107, 'vw': 24.2598, 'o': 24.26, 'c': 24.26, 'h': 24.26, 'l': 24.26, 't': 1663646400000, 'n': 6}",OK,24fb97bf3f49d4a7771872aa194ec8a9,426
AAA,426,426,True,"{'v': 22, 'vw': 24.2627, 'o': 24.26, 'c': 24.26, 'h': 24.26, 'l': 24.26, 't': 1663732800000, 'n': 2}",OK,24fb97bf3f49d4a7771872aa194ec8a9,426
AAA,426,426,True,"{'v': 45, 'vw': 24.27, 'o': 24.27, 'c': 24.27, 'h': 24.27, 'l': 24.27, 't': 1663819200000, 'n': 1}",OK,24fb97bf3f49d4a7771872aa194ec8a9,426
AAA,426,426,True,"{'v': 340, 'vw': 24.2766, 'o': 24.2743, 'c': 24.26, 'h': 24.2743, 'l': 24.26, 't': 1663905600000, 'n': 5}",OK,24fb97bf3f49d4a7771872aa194ec8a9,426
AAA,426,426,True,"{'v': 0, 'o': 24.25, 'c': 24.25, 'h': 24.25, 'l': 24.25, 't': 1664164800000}",OK,24fb97bf3f49d4a7771872aa194ec8a9,426
AAA,426,426,True,"{'v': 2, 'vw': 24.2891, 'o': 24.26, 'c': 24.26, 'h': 24.26, 'l': 24.26, 't': 1664251200000, 'n': 1}",OK,24fb97bf3f49d4a7771872aa194ec8a9,426
AAA,426,426,True,"{'v': 95, 'vw': 24.2119, 'o': 24.22, 'c': 24.22, 'h': 24.22, 'l': 24.22, 't': 1664337600000, 'n': 3}",OK,24fb97bf3f49d4a7771872aa194ec8a9,426
AAA,426,426,True,"{'v': 429, 'vw': 24.1831, 'o': 24.1808, 'c': 24.21, 'h': 24.21, 'l': 24.1808, 't': 1664424000000, 'n': 5}",OK,24fb97bf3f49d4a7771872aa194ec8a9,426
AAA,426,426,True,"{'v': 112, 'vw': 24.2179, 'o': 24.205, 'c': 24.205, 'h': 24.205, 'l': 24.205, 't': 1664510400000, 'n': 8}",OK,24fb97bf3f49d4a7771872aa194ec8a9,426
AAA,426,426,True,"{'v': 9, 'vw': 24.08, 'o': 24.075, 'c': 24.075, 'h': 24.075, 'l': 24.075, 't': 1664769600000, 'n': 1}",OK,24fb97bf3f49d4a7771872aa194ec8a9,426
AAA,426,426,True,"{'v': 218, 'vw': 24.0941, 'o': 24.1086, 'c': 24.08, 'h': 24.1086, 'l': 24.08, 't': 1664856000000, 'n': 11}",OK,24fb97bf3f49d4a7771872aa194ec8a9,426
AAA,426,426,True,"{'v': 20, 'vw': 24.1041, 'o': 24.1, 'c': 24.1, 'h': 24.1, 'l': 24.1, 't': 1664942400000, 'n': 7}",OK,24fb97bf3f49d4a7771872aa194ec8a9,426
AAA,426,426,True,"{'v': 14, 'vw': 24.1364, 'o': 24.11, 'c': 24.11, 'h': 24.11, 'l': 24.11, 't': 1665028800000, 'n': 2}",OK,24fb97bf3f49d4a7771872aa194ec8a9,426
AAA,426,426,True,"{'v': 312, 'vw': 24.0813, 'o': 24.0813, 'c': 24.11, 'h': 24.11, 'l': 24.0813, 't': 1665115200000, 'n': 1}",OK,24fb97bf3f49d4a7771872aa194ec8a9,426
AAA,426,426,True,"{'v': 8, 'vw': 24.15, 'o': 24.155, 'c': 24.155, 'h': 24.155, 'l': 24.155, 't': 1665374400000, 'n': 1}",OK,24fb97bf3f49d4a7771872aa194ec8a9,426
AAA,426,426,True,"{'v': 13485, 'vw': 24.175, 'o': 24.16, 'c': 24.13, 'h': 24.27, 'l': 24.13, 't': 1665460800000, 'n': 44}",OK,24fb97bf3f49d4a7771872aa194ec8a9,426
AAA,426,426,True,"{'v': 3343, 'vw': 24.1016, 'o': 24.1, 'c': 24.11, 'h': 24.1112, 'l': 24.1, 't': 1665547200000, 'n': 33}",OK,24fb97bf3f49d4a7771872aa194ec8a9,426
AAA,426,426,True,"{'v': 7565, 'vw': 24.0577, 'o': 24.07, 'c': 24.095, 'h': 24.095, 'l': 24.04, 't': 1665633600000, 'n': 47}",OK,24fb97bf3f49d4a7771872aa194ec8a9,426
AAA,426,426,True,"{'v': 1223, 'vw': 24.0544, 'o': 24.03, 'c': 24.04, 'h': 24.04, 'l': 24.03, 't': 1665720000000, 'n': 10}",OK,24fb97bf3f49d4a7771872aa194ec8a9,426
AAA,426,426,True,"{'v': 201, 'vw': 24.0699, 'o': 24.09, 'c': 24.07, 'h': 24.09, 'l': 24.05, 't': 1665979200000, 'n': 3}",OK,24fb97bf3f49d4a7771872aa194ec8a9,426
AAA,426,426,True,"{'v': 211, 'vw': 24.1188, 'o': 24.12, 'c': 24.12, 'h': 24.12, 'l': 24.12, 't': 1666065600000, 'n': 5}",OK,24fb97bf3f49d4a7771872aa194ec8a9,426
AAA,426,426,True,"{'v': 201, 'vw': 24.13, 'o': 24.13, 'c': 24.13, 'h': 24.13, 'l': 24.13, 't': 1666152000000, 'n': 3}",OK,24fb97bf3f49d4a7771872aa194ec8a9,426
AAA,426,426,True,"{'v': 251, 'vw': 24.104, 'o': 24.11, 'c': 24.13, 'h': 24.13, 'l': 24.1, 't': 1666238400000, 'n': 3}",OK,24fb97bf3f49d4a7771872aa194ec8a9,426
AAA,426,426,True,"{'v': 30, 'vw': 24.18, 'o': 24.16, 'c': 24.16, 'h': 24.16, 'l': 24.16, 't': 1666324800000, 'n': 2}",OK,24fb97bf3f49d4a7771872aa194ec8a9,426
AAA,426,426,True,"{'v': 88, 'vw': 24.18, 'o': 24.17, 'c': 24.17, 'h': 24.17, 'l': 24.17, 't': 1666584000000, 'n': 1}",OK,24fb97bf3f49d4a7771872aa194ec8a9,426
AAA,426,426,True,"{'v': 93, 'vw': 24.2058, 'o': 24.19, 'c': 24.19, 'h': 24.19, 'l': 24.19, 't': 1666670400000, 'n': 4}",OK,24fb97bf3f49d4a7771872aa194ec8a9,426
AAA,426,426,True,"{'v': 0, 'o': 24.2, 'c': 24.2, 'h': 24.2, 'l': 24.2, 't': 1666756800000}",OK,24fb97bf3f49d4a7771872aa194ec8a9,426
AAA,426,426,True,"{'v': 3, 'vw': 24.2333, 'o': 24.205, 'c': 24.205, 'h': 24.205, 'l': 24.205, 't': 1666843200000, 'n': 2}",OK,24fb97bf3f49d4a7771872aa194ec8a9,426
AAA,426,426,True,"{'v': 4, 'vw': 24.195, 'o': 24.18, 'c': 24.18, 'h': 24.18, 'l': 24.18, 't': 1666929600000, 'n': 3}",OK,24fb97bf3f49d4a7771872aa194ec8a9,426
AAA,426,426,True,"{'v': 16, 'vw': 24.1963, 'o': 24.185, 'c': 24.185, 'h': 24.185, 'l': 24.185, 't': 1667188800000, 'n': 5}",OK,24fb97bf3f49d4a7771872aa194ec8a9,426
AAA,426,426,True,"{'v': 2, 'vw': 24.55, 'o': 24.105, 'c': 24.105, 'h': 24.105, 'l': 24.105, 't': 1667275200000, 'n': 2}",OK,24fb97bf3f49d4a7771872aa194ec8a9,426
AAA,426,426,True,"{'v': 420, 'vw': 24.0881, 'o': 24.11, 'c': 24.11, 'h': 24.11, 'l': 24.0803, 't': 1667361600000, 'n': 4}",OK,24fb97bf3f49d4a7771872aa194ec8a9,426
AAA,426,426,True,"{'v': 25, 'vw': 24.116, 'o': 24.11, 'c': 24.11, 'h': 24.11, 'l': 24.11, 't': 1667448000000, 'n': 3}",OK,24fb97bf3f49d4a7771872aa194ec8a9,426
AAA,426,426,True,"{'v': 17, 'vw': 24.1112, 'o': 24.11, 'c': 24.11, 'h': 24.11, 'l': 24.11, 't': 1667534400000, 'n': 2}",OK,24fb97bf3f49d4a7771872aa194ec8a9,426
AAA,426,426,True,"{'v': 122, 'vw': 24.1294, 'o': 24.105, 'c': 24.105, 'h': 24.105, 'l': 24.105, 't': 1667797200000, 'n': 11}",OK,24fb97bf3f49d4a7771872aa194ec8a9,426
AAA,426,426,True,"{'v': 20, 'vw': 24.15, 'o': 24.125, 'c': 24.125, 'h': 24.125, 'l': 24.125, 't': 1667883600000, 'n': 4}",OK,24fb97bf3f49d4a7771872aa194ec8a9,426
AAA,426,426,True,"{'v': 87, 'vw': 24.1304, 'o': 24.12, 'c': 24.12, 'h': 24.12, 'l': 24.12, 't': 1667970000000, 'n': 4}",OK,24fb97bf3f49d4a7771872aa194ec8a9,426
AAA,426,426,True,"{'v': 22, 'vw': 24.1441, 'o': 24.145, 'c': 24.145, 'h': 24.145, 'l': 24.145, 't': 1668056400000, 'n': 4}",OK,24fb97bf3f49d4a7771872aa194ec8a9,426
AAA,426,426,True,"{'v': 611, 'vw': 24.1896, 'o': 24.19, 'c': 24.165, 'h': 24.19, 'l': 24.165, 't': 1668142800000, 'n': 3}",OK,24fb97bf3f49d4a7771872aa194ec8a9,426
AAA,426,426,True,"{'v': 13605, 'vw': 24.1689, 'o': 24.19, 'c': 24.155, 'h': 24.19, 'l': 24.15, 't': 1668402000000, 'n': 75}",OK,24fb97bf3f49d4a7771872aa194ec8a9,426
AAA,426,426,True,"{'v': 1935, 'vw': 24.2049, 'o': 24.22, 'c': 24.22, 'h': 24.22, 'l': 24.2, 't': 1668488400000, 'n': 21}",OK,24fb97bf3f49d4a7771872aa194ec8a9,426
AAA,426,426,True,"{'v': 18, 'vw': 24.2536, 'o': 24.25, 'c': 24.25, 'h': 24.25, 'l': 24.25, 't': 1668574800000, 'n': 7}",OK,24fb97bf3f49d4a7771872aa194ec8a9,426
AAA,426,426,True,"{'v': 274, 'vw': 24.2353, 'o': 24.23, 'c': 24.23, 'h': 24.23, 'l': 24.23, 't': 1668661200000, 'n': 7}",OK,24fb97bf3f49d4a7771872aa194ec8a9,426
AAA,426,426,True,"{'v': 0, 'o': 24.26, 'c': 24.26, 'h': 24.26, 'l': 24.26, 't': 1668747600000}",OK,24fb97bf3f49d4a7771872aa194ec8a9,426
AAA,426,426,True,"{'v': 71, 'vw': 24.2976, 'o': 24.3, 'c': 24.3, 'h': 24.3, 'l': 24.3, 't': 1669006800000, 'n': 3}",OK,24fb97bf3f49d4a7771872aa194ec8a9,426
AAA,426,426,True,"{'v': 500, 'vw': 24.33, 'o': 24.33, 'c': 24.31, 'h': 24.33, 'l': 24.31, 't': 1669093200000, 'n': 6}",OK,24fb97bf3f49d4a7771872aa194ec8a9,426
AAA,426,426,True,"{'v': 163, 'vw': 24.2971, 'o': 24.29, 'c': 24.32, 'h': 24.32, 'l': 24.29, 't': 1669179600000, 'n': 3}",OK,24fb97bf3f49d4a7771872aa194ec8a9,426
AAA,426,426,True,"{'v': 109, 'vw': 24.3713, 'o': 24.34, 'c': 24.34, 'h': 24.34, 'l': 24.34, 't': 1669352400000, 'n': 3}",OK,24fb97bf3f49d4a7771872aa194ec8a9,426
AAA,426,426,True,"{'v': 4, 'vw': 24.3429, 'o': 24.36, 'c': 24.36, 'h': 24.36, 'l': 24.36, 't': 1669611600000, 'n': 4}",OK,24fb97bf3f49d4a7771872aa194ec8a9,426
AAA,426,426,True,"{'v': 0, 'o': 24.37, 'c': 24.37, 'h': 24.37, 'l': 24.37, 't': 1669698000000}",OK,24fb97bf3f49d4a7771872aa194ec8a9,426
AAA,426,426,True,"{'v': 1, 'vw': 24.404, 'o': 24.38, 'c': 24.38, 'h': 24.38, 'l': 24.38, 't': 1669784400000, 'n': 1}",OK,24fb97bf3f49d4a7771872aa194ec8a9,426
AAA,426,426,True,"{'v': 0, 'o': 24.285, 'c': 24.285, 'h': 24.285, 'l': 24.285, 't': 1669870800000}",OK,24fb97bf3f49d4a7771872aa194ec8a9,426
AAA,426,426,True,"{'v': 386, 'vw': 24.3165, 'o': 24.3199, 'c': 24.29, 'h': 24.3199, 'l': 24.29, 't': 1669957200000, 'n': 5}",OK,24fb97bf3f49d4a7771872aa194ec8a9,426
AAA,426,426,True,"{'v': 8, 'vw': 24.3038, 'o': 24.29, 'c': 24.29, 'h': 24.29, 'l': 24.29, 't': 1670216400000, 'n': 4}",OK,24fb97bf3f49d4a7771872aa194ec8a9,426
AAA,426,426,True,"{'v': 3, 'vw': 24.3072, 'o': 24.305, 'c': 24.305, 'h': 24.305, 'l': 24.305, 't': 1670302800000, 'n': 2}",OK,24fb97bf3f49d4a7771872aa194ec8a9,426
AAA,426,426,True,"{'v': 23, 'vw': 24.3804, 'o': 24.31, 'c': 24.31, 'h': 24.31, 'l': 24.31, 't': 1670389200000, 'n': 2}",OK,24fb97bf3f49d4a7771872aa194ec8a9,426
AAA,426,426,True,"{'v': 90, 'vw': 24.3006, 'o': 24.335, 'c': 24.335, 'h': 24.335, 'l': 24.335, 't': 1670475600000, 'n': 3}",OK,24fb97bf3f49d4a7771872aa194ec8a9,426
AAA,426,426,True,"{'v': 88, 'vw': 24.3198, 'o': 24.33, 'c': 24.33, 'h': 24.33, 'l': 24.33, 't': 1670562000000, 'n': 2}",OK,24fb97bf3f49d4a7771872aa194ec8a9,426
AAA,426,426,True,"{'v': 37, 'vw': 24.3322, 'o': 24.33, 'c': 24.33, 'h': 24.33, 'l': 24.33, 't': 1670821200000, 'n': 3}",OK,24fb97bf3f49d4a7771872aa194ec8a9,426
AAA,426,426,True,"{'v': 1, 'vw': 24.352, 'o': 24.34, 'c': 24.34, 'h': 24.34, 'l': 24.34, 't': 1670907600000, 'n': 1}",OK,24fb97bf3f49d4a7771872aa194ec8a9,426
AAA,426,426,True,"{'v': 1571, 'vw': 24.3371, 'o': 24.355, 'c': 24.37, 'h': 24.37, 'l': 24.33, 't': 1670994000000, 'n': 20}",OK,24fb97bf3f49d4a7771872aa194ec8a9,426
AAA,426,426,True,"{'v': 9, 'vw': 24.4, 'o': 24.38, 'c': 24.38, 'h': 24.38, 'l': 24.38, 't': 1671080400000, 'n': 4}",OK,24fb97bf3f49d4a7771872aa194ec8a9,426
AAA,426,426,True,"{'v': 6, 'vw': 23.5417, 'o': 24.41, 'c': 24.41, 'h': 24.41, 'l': 24.41, 't': 1671166800000, 'n': 3}",OK,24fb97bf3f49d4a7771872aa194ec8a9,426
AAA,426,426,True,"{'v': 502, 'vw': 24.4399, 'o': 24.4399, 'c': 24.41, 'h': 24.4399, 'l': 24.41, 't': 1671426000000, 'n': 2}",OK,24fb97bf3f49d4a7771872aa194ec8a9,426
AAA,426,426,True,"{'v': 2, 'vw': 24.405, 'o': 24.42, 'c': 24.42, 'h': 24.42, 'l': 24.42, 't': 1671512400000, 'n': 2}",OK,24fb97bf3f49d4a7771872aa194ec8a9,426
AAA,426,426,True,"{'v': 7987, 'vw': 24.3717, 'o': 24.42, 'c': 24.38, 'h': 24.42, 'l': 24.36, 't': 1671598800000, 'n': 31}",OK,24fb97bf3f49d4a7771872aa194ec8a9,426
AAA,426,426,True,"{'v': 5, 'vw': 24.4, 'o': 24.39, 'c': 24.39, 'h': 24.39, 'l': 24.39, 't': 1671685200000, 'n': 1}",OK,24fb97bf3f49d4a7771872aa194ec8a9,426
AAA,426,426,True,"{'v': 772, 'vw': 24.4075, 'o': 24.4, 'c': 24.43, 'h': 24.43, 'l': 24.4, 't': 1671771600000, 'n': 8}",OK,24fb97bf3f49d4a7771872aa194ec8a9,426
AAA,426,426,True,"{'v': 86, 'vw': 24.44, 'o': 24.425, 'c': 24.425, 'h': 24.425, 'l': 24.425, 't': 1672117200000, 'n': 1}",OK,24fb97bf3f49d4a7771872aa194ec8a9,426
AAA,426,426,True,"{'v': 1077, 'vw': 24.4653, 'o': 24.469, 'c': 24.44, 'h': 24.47, 'l': 24.44, 't': 1672203600000, 'n': 15}",OK,24fb97bf3f49d4a7771872aa194ec8a9,426
AAA,426,426,True,"{'v': 105, 'vw': 24.3696, 'o': 24.37, 'c': 24.365, 'h': 24.37, 'l': 24.365, 't': 1672290000000, 'n': 4}",OK,24fb97bf3f49d4a7771872aa194ec8a9,426
AAA,426,426,True,"{'v': 307, 'vw': 24.3774, 'o': 24.38, 'c': 24.37, 'h': 24.38, 'l': 24.37, 't': 1672376400000, 'n': 5}",OK,24fb97bf3f49d4a7771872aa194ec8a9,426
AAA,426,426,True,"{'v': 12, 'vw': 24.375, 'o': 24.365, 'c': 24.365, 'h': 24.365, 'l': 24.365, 't': 1672722000000, 'n': 7}",OK,24fb97bf3f49d4a7771872aa194ec8a9,426
AAA,426,426,True,"{'v': 19, 'vw': 24.2384, 'o': 24.37, 'c': 24.37, 'h': 24.37, 'l': 24.37, 't': 1672808400000, 'n': 2}",OK,24fb97bf3f49d4a7771872aa194ec8a9,426
AAA,426,426,True,"{'v': 5, 'vw': 24.4, 'o': 24.38, 'c': 24.38, 'h': 24.38, 'l': 24.38, 't': 1672894800000, 'n': 1}",OK,24fb97bf3f49d4a7771872aa194ec8a9,426
AAA,426,426,True,"{'v': 1, 'vw': 24.39, 'o': 24.39, 'c': 24.39, 'h': 24.39, 'l': 24.39, 't': 1672981200000, 'n': 1}",OK,24fb97bf3f49d4a7771872aa194ec8a9,426
AAA,426,426,True,"{'v': 2, 'vw': 24.41, 'o': 24.375, 'c': 24.375, 'h': 24.375, 'l': 24.375, 't': 1673240400000, 'n': 2}",OK,24fb97bf3f49d4a7771872aa194ec8a9,426
AAA,426,426,True,"{'v': 4192, 'vw': 24.4023, 'o': 24.383, 'c': 24.4, 'h': 24.43, 'l': 24.3815, 't': 1673326800000, 'n': 21}",OK,24fb97bf3f49d4a7771872aa194ec8a9,426
AAA,426,426,True,"{'v': 112, 'vw': 24.43, 'o': 24.395, 'c': 24.395, 'h': 24.395, 'l': 24.395, 't': 1673413200000, 'n': 3}",OK,24fb97bf3f49d4a7771872aa194ec8a9,426
AAA,426,426,True,"{'v': 989, 'vw': 24.432, 'o': 24.42, 'c': 24.42, 'h': 24.44, 'l': 24.4199, 't': 1673499600000, 'n': 29}",OK,24fb97bf3f49d4a7771872aa194ec8a9,426
AAA,426,426,True,"{'v': 220, 'vw': 24.4866, 'o': 24.49, 'c': 24.49, 'h': 24.49, 'l': 24.49, 't': 1673586000000, 'n': 3}",OK,24fb97bf3f49d4a7771872aa194ec8a9,426
AAA,426,426,True,"{'v': 109, 'vw': 24.4329, 'o': 24.43, 'c': 24.46, 'h': 24.46, 'l': 24.43, 't': 1673931600000, 'n': 3}",OK,24fb97bf3f49d4a7771872aa194ec8a9,426
AAA,426,426,True,"{'v': 2641, 'vw': 24.4696, 'o': 24.4775, 'c': 24.47, 'h': 24.49, 'l': 24.4501, 't': 1674018000000, 'n': 13}",OK,24fb97bf3f49d4a7771872aa194ec8a9,426
AAA,426,426,True,"{'v': 88, 'vw': 24.51, 'o': 24.505, 'c': 24.505, 'h': 24.505, 'l': 24.505, 't': 1674104400000, 'n': 1}",OK,24fb97bf3f49d4a7771872aa194ec8a9,426
AAA,426,426,True,"{'v': 117, 'vw': 24.5227, 'o': 24.52, 'c': 24.51, 'h': 24.52, 'l': 24.51, 't': 1674190800000, 'n': 4}",OK,24fb97bf3f49d4a7771872aa194ec8a9,426
AAA,426,426,True,"{'v': 101, 'vw': 24.5273, 'o': 24.515, 'c': 24.515, 'h': 24.515, 'l': 24.515, 't': 1674450000000, 'n': 3}",OK,24fb97bf3f49d4a7771872aa194ec8a9,426
AAA,426,426,True,"{'v': 100, 'vw': 24.4894, 'o': 24.51, 'c': 24.51, 'h': 24.51, 'l': 24.51, 't': 1674536400000, 'n': 3}",OK,24fb97bf3f49d4a7771872aa194ec8a9,426
AAA,426,426,True,"{'v': 311, 'vw': 24.5398, 'o': 24.5399, 'c': 24.53, 'h': 24.54, 'l': 24.53, 't': 1674622800000, 'n': 4}",OK,24fb97bf3f49d4a7771872aa194ec8a9,426
AAA,426,426,True,"{'v': 16, 'vw': 24.5425, 'o': 24.53, 'c': 24.53, 'h': 24.53, 'l': 24.53, 't': 1674709200000, 'n': 3}",OK,24fb97bf3f49d4a7771872aa194ec8a9,426
AAA,426,426,True,"{'v': 100, 'vw': 24.5879, 'o': 24.5879, 'c': 24.56, 'h': 24.5879, 'l': 24.56, 't': 1674795600000, 'n': 1}",OK,24fb97bf3f49d4a7771872aa194ec8a9,426
AAA,426,426,True,"{'v': 149, 'vw': 24.5933, 'o': 24.6, 'c': 24.6, 'h': 24.6, 'l': 24.6, 't': 1675054800000, 'n': 2}",OK,24fb97bf3f49d4a7771872aa194ec8a9,426
AAA,426,426,True,"{'v': 112, 'vw': 24.6231, 'o': 24.61, 'c': 24.61, 'h': 24.61, 'l': 24.61, 't': 1675141200000, 'n': 6}",OK,24fb97bf3f49d4a7771872aa194ec8a9,426
AAA,426,426,True,"{'v': 50, 'vw': 24.5287, 'o': 24.515, 'c': 24.515, 'h': 24.515, 'l': 24.515, 't': 1675227600000, 'n': 2}",OK,24fb97bf3f49d4a7771872aa194ec8a9,426
AAA,426,426,True,"{'v': 1830, 'vw': 24.5219, 'o': 24.53, 'c': 24.515, 'h': 24.53, 'l': 24.505, 't': 1675314000000, 'n': 14}",OK,24fb97bf3f49d4a7771872aa194ec8a9,426
AAA,426,426,True,"{'v': 265, 'vw': 24.5395, 'o': 24.54, 'c': 24.5132, 'h': 24.54, 'l': 24.5132, 't': 1675400400000, 'n': 4}",OK,24fb97bf3f49d4a7771872aa194ec8a9,426
AAA,426,426,True,"{'v': 105, 'vw': 24.562, 'o': 24.525, 'c': 24.525, 'h': 24.525, 'l': 24.525, 't': 1675659600000, 'n': 5}",OK,24fb97bf3f49d4a7771872aa194ec8a9,426
AAA,426,426,True,"{'v': 93, 'vw': 24.5846, 'o': 24.57, 'c': 24.57, 'h': 24.57, 'l': 24.57, 't': 1675746000000, 'n': 2}",OK,24fb97bf3f49d4a7771872aa194ec8a9,426
AAA,426,426,True,"{'v': 2, 'vw': 24.5983, 'o': 24.615, 'c': 24.615, 'h': 24.615, 'l': 24.615, 't': 1675832400000, 'n': 2}",OK,24fb97bf3f49d4a7771872aa194ec8a9,426
AAA,426,426,True,"{'v': 583, 'vw': 24.6028, 'o': 24.6, 'c': 24.62, 'h': 24.62, 'l': 24.6, 't': 1675918800000, 'n': 3}",OK,24fb97bf3f49d4a7771872aa194ec8a9,426
AAA,426,426,True,"{'v': 555, 'vw': 24.6076, 'o': 24.61, 'c': 24.61, 'h': 24.63, 'l': 24.6, 't': 1676005200000, 'n': 9}",OK,24fb97bf3f49d4a7771872aa194ec8a9,426
AAA,426,426,True,"{'v': 241, 'vw': 24.6213, 'o': 24.61, 'c': 24.615, 'h': 24.615, 'l': 24.61, 't': 1676264400000, 'n': 5}",OK,24fb97bf3f49d4a7771872aa194ec8a9,426
AAA,426,426,True,"{'v': 105, 'vw': 24.6604, 'o': 24.65, 'c': 24.65, 'h': 24.65, 'l': 24.65, 't': 1676350800000, 'n': 13}",OK,24fb97bf3f49d4a7771872aa194ec8a9,426
AAA,426,426,True,"{'v': 4716, 'vw': 24.6547, 'o': 24.69, 'c': 24.66, 'h': 24.69, 'l': 24.64, 't': 1676437200000, 'n': 28}",OK,24fb97bf3f49d4a7771872aa194ec8a9,426
AAA,426,426,True,"{'v': 72, 'vw': 24.7344, 'o': 24.685, 'c': 24.685, 'h': 24.685, 'l': 24.685, 't': 1676523600000, 'n': 5}",OK,24fb97bf3f49d4a7771872aa194ec8a9,426
AAA,426,426,True,"{'v': 114, 'vw': 24.6962, 'o': 24.69, 'c': 24.69, 'h': 24.69, 'l': 24.69, 't': 1676610000000, 'n': 6}",OK,24fb97bf3f49d4a7771872aa194ec8a9,426
AAA,426,426,True,"{'v': 17, 'vw': 24.6912, 'o': 24.68, 'c': 24.68, 'h': 24.68, 'l': 24.68, 't': 1676955600000, 'n': 9}",OK,24fb97bf3f49d4a7771872aa194ec8a9,426
AAA,426,426,True,"{'v': 100, 'vw': 24.729, 'o': 24.729, 'c': 24.715, 'h': 24.729, 'l': 24.715, 't': 1677042000000, 'n': 1}",OK,24fb97bf3f49d4a7771872aa194ec8a9,426
AAA,426,426,True,"{'v': 24, 'vw': 24.7171, 'o': 24.7, 'c': 24.7, 'h': 24.7, 'l': 24.7, 't': 1677128400000, 'n': 10}",OK,24fb97bf3f49d4a7771872aa194ec8a9,426
AAA,426,426,True,"{'v': 37, 'vw': 24.6986, 'o': 24.69, 'c': 24.69, 'h': 24.69, 'l': 24.69, 't': 1677214800000, 'n': 6}",OK,24fb97bf3f49d4a7771872aa194ec8a9,426
AAA,426,426,True,"{'v': 12, 'vw': 24.6458, 'o': 24.63, 'c': 24.63, 'h': 24.63, 'l': 24.63, 't': 1677474000000, 'n': 7}",OK,24fb97bf3f49d4a7771872aa194ec8a9,426
AAA,426,426,True,"{'v': 9, 'vw': 24.6344, 'o': 24.62, 'c': 24.62, 'h': 24.62, 'l': 24.62, 't': 1677560400000, 'n': 5}",OK,24fb97bf3f49d4a7771872aa194ec8a9,426
AAA,426,426,True,"{'v': 125, 'vw': 24.5307, 'o': 24.52, 'c': 24.52, 'h': 24.52, 'l': 24.52, 't': 1677646800000, 'n': 8}",OK,24fb97bf3f49d4a7771872aa194ec8a9,426
AAA,426,426,True,"{'v': 432, 'vw': 24.541, 'o': 24.54, 'c': 24.54, 'h': 24.54, 'l': 24.54, 't': 1677733200000, 'n': 10}",OK,24fb97bf3f49d4a7771872aa194ec8a9,426
AAA,426,426,True,"{'v': 221, 'vw': 24.554, 'o': 24.53, 'c': 24.555, 'h': 24.555, 'l': 24.53, 't': 1677819600000, 'n': 8}",OK,24fb97bf3f49d4a7771872aa194ec8a9,426
AAA,426,426,True,"{'v': 211, 'vw': 24.5391, 'o': 24.54, 'c': 24.485, 'h': 24.54, 'l': 24.485, 't': 1678078800000, 'n': 5}",OK,24fb97bf3f49d4a7771872aa194ec8a9,426
AAA,426,426,True,"{'v': 314, 'vw': 24.575, 'o': 24.59, 'c': 24.54, 'h': 24.59, 'l': 24.54, 't': 1678165200000, 'n': 8}",OK,24fb97bf3f49d4a7771872aa194ec8a9,426
AAA,426,426,True,"{'v': 322, 'vw': 24.5869, 'o': 24.56, 'c': 24.59, 'h': 24.6, 'l': 24.56, 't': 1678251600000, 'n': 3}",OK,24fb97bf3f49d4a7771872aa194ec8a9,426
AAA,426,426,True,"{'v': 107, 'vw': 24.5617, 'o': 24.56, 'c': 24.59, 'h': 24.59, 'l': 24.56, 't': 1678338000000, 'n': 4}",OK,24fb97bf3f49d4a7771872aa194ec8a9,426
AAA,426,426,True,"{'v': 1478, 'vw': 24.5641, 'o': 24.5601, 'c': 24.58, 'h': 24.5801, 'l': 24.54, 't': 1678424400000, 'n': 19}",OK,24fb97bf3f49d4a7771872aa194ec8a9,426
AAA,426,426,True,"{'v': 111, 'vw': 24.5733, 'o': 24.57, 'c': 24.57, 'h': 24.57, 'l': 24.57, 't': 1678680000000, 'n': 5}",OK,24fb97bf3f49d4a7771872aa194ec8a9,426
AAA,426,426,True,"{'v': 197, 'vw': 24.5397, 'o': 24.55, 'c': 24.55, 'h': 24.55, 'l': 24.55, 't': 1678766400000, 'n': 7}",OK,24fb97bf3f49d4a7771872aa194ec8a9,426
AAA,426,426,True,"{'v': 1408, 'vw': 24.5073, 'o': 24.5006, 'c': 24.54, 'h': 24.54, 'l': 24.5006, 't': 1678852800000, 'n': 13}",OK,24fb97bf3f49d4a7771872aa194ec8a9,426
AAA,426,426,True,"{'v': 17, 'vw': 24.5329, 'o': 24.53, 'c': 24.53, 'h': 24.53, 'l': 24.53, 't': 1678939200000, 'n': 5}",OK,24fb97bf3f49d4a7771872aa194ec8a9,426
AAA,426,426,True,"{'v': 124, 'vw': 24.516, 'o': 24.49, 'c': 24.49, 'h': 24.49, 'l': 24.49, 't': 1679025600000, 'n': 9}",OK,24fb97bf3f49d4a7771872aa194ec8a9,426
AAA,426,426,True,"{'v': 834, 'vw': 24.395, 'o': 24.41, 'c': 24.455, 'h': 24.455, 'l': 24.375, 't': 1679284800000, 'n': 9}",OK,24fb97bf3f49d4a7771872aa194ec8a9,426
AAA,426,426,True,"{'v': 32, 'vw': 24.4391, 'o': 24.44, 'c': 24.44, 'h': 24.44, 'l': 24.44, 't': 1679371200000, 'n': 4}",OK,24fb97bf3f49d4a7771872aa194ec8a9,426
AAA,426,426,True,"{'v': 706, 'vw': 24.4557, 'o': 24.46, 'c': 24.46, 'h': 24.46, 'l': 24.46, 't': 1679457600000, 'n': 4}",OK,24fb97bf3f49d4a7771872aa194ec8a9,426
AAA,426,426,True,"{'v': 65, 'vw': 24.4597, 'o': 24.465, 'c': 24.465, 'h': 24.465, 'l': 24.465, 't': 1679544000000, 'n': 2}",OK,24fb97bf3f49d4a7771872aa194ec8a9,426
AAA,426,426,True,"{'v': 4, 'vw': 24.4475, 'o': 24.475, 'c': 24.475, 'h': 24.475, 'l': 24.475, 't': 1679630400000, 'n': 4}",OK,24fb97bf3f49d4a7771872aa194ec8a9,426
AAA,426,426,True,"{'v': 3, 'vw': 24.53, 'o': 24.525, 'c': 24.525, 'h': 24.525, 'l': 24.525, 't': 1679889600000, 'n': 1}",OK,24fb97bf3f49d4a7771872aa194ec8a9,426
AAA,426,426,True,"{'v': 4, 'vw': 24.5188, 'o': 24.535, 'c': 24.535, 'h': 24.535, 'l': 24.535, 't': 1679976000000, 'n': 3}",OK,24fb97bf3f49d4a7771872aa194ec8a9,426
AAA,426,426,True,"{'v': 88, 'vw': 24.5243, 'o': 24.535, 'c': 24.535, 'h': 24.535, 'l': 24.535, 't': 1680062400000, 'n': 3}",OK,24fb97bf3f49d4a7771872aa194ec8a9,426
AAA,426,426,True,"{'v': 141, 'vw': 24.5313, 'o': 24.52, 'c': 24.54, 'h': 24.54, 'l': 24.52, 't': 1680148800000, 'n': 6}",OK,24fb97bf3f49d4a7771872aa194ec8a9,426
AAA,426,426,True,"{'v': 0, 'o': 24.465, 'c': 24.465, 'h': 24.465, 'l': 24.465, 't': 1680235200000}",OK,24fb97bf3f49d4a7771872aa194ec8a9,426
AAA,426,426,True,"{'v': 805, 'vw': 24.4237, 'o': 24.38, 'c': 24.42, 'h': 24.42, 'l': 24.38, 't': 1680494400000, 'n': 12}",OK,24fb97bf3f49d4a7771872aa194ec8a9,426
AAA,426,426,True,"{'v': 98, 'vw': 24.4774, 'o': 24.46, 'c': 24.46, 'h': 24.46, 'l': 24.46, 't': 1680580800000, 'n': 8}",OK,24fb97bf3f49d4a7771872aa194ec8a9,426
AAA,426,426,True,"{'v': 60, 'vw': 24.5069, 'o': 24.45, 'c': 24.45, 'h': 24.45, 'l': 24.45, 't': 1680667200000, 'n': 6}",OK,24fb97bf3f49d4a7771872aa194ec8a9,426
AAA,426,426,True,"{'v': 4515, 'vw': 24.4887, 'o': 24.47, 'c': 24.49, 'h': 24.5, 'l': 24.462, 't': 1680753600000, 'n': 31}",OK,24fb97bf3f49d4a7771872aa194ec8a9,426
AAA,426,426,True,"{'v': 20, 'vw': 24.48, 'o': 24.47, 'c': 24.47, 'h': 24.47, 'l': 24.47, 't': 1681099200000, 'n': 1}",OK,24fb97bf3f49d4a7771872aa194ec8a9,426
AAA,426,426,True,"{'v': 411, 'vw': 24.5292, 'o': 24.5299, 'c': 24.485, 'h': 24.53, 'l': 24.485, 't': 1681185600000, 'n': 8}",OK,24fb97bf3f49d4a7771872aa194ec8a9,426
AAA,426,426,True,"{'v': 4, 'vw': 24.5125, 'o': 24.505, 'c': 24.505, 'h': 24.505, 'l': 24.505, 't': 1681272000000, 'n': 3}",OK,24fb97bf3f49d4a7771872aa194ec8a9,426
AAA,426,426,True,"{'v': 62, 'vw': 24.4914, 'o': 24.515, 'c': 24.515, 'h': 24.515, 'l': 24.515, 't': 1681358400000, 'n': 4}",OK,24fb97bf3f49d4a7771872aa194ec8a9,426
AAA,426,426,True,"{'v': 0, 'o': 24.52, 'c': 24.52, 'h': 24.52, 'l': 24.52, 't': 1681444800000}",OK,24fb97bf3f49d4a7771872aa194ec8a9,426
AAA,426,426,True,"{'v': 103, 'vw': 24.5691, 'o': 24.52, 'c': 24.52, 'h': 24.52, 'l': 24.52, 't': 1681704000000, 'n': 5}",OK,24fb97bf3f49d4a7771872aa194ec8a9,426
AAA,426,426,True,"{'v': 25, 'vw': 24.56, 'o': 24.535, 'c': 24.535, 'h': 24.535, 'l': 24.535, 't': 1681790400000, 'n': 1}",OK,24fb97bf3f49d4a7771872aa194ec8a9,426
AAA,426,426,True,"{'v': 112, 'vw': 24.5504, 'o': 24.55, 'c': 24.56, 'h': 24.56, 'l': 24.55, 't': 1681876800000, 'n': 3}",OK,24fb97bf3f49d4a7771872aa194ec8a9,426
AAA,426,426,True,"{'v': 90, 'vw': 24.5481, 'o': 24.545, 'c': 24.545, 'h': 24.545, 'l': 24.545, 't': 1681963200000, 'n': 8}",OK,24fb97bf3f49d4a7771872aa194ec8a9,426
AAA,426,426,True,"{'v': 26, 'vw': 24.5775, 'o': 24.565, 'c': 24.565, 'h': 24.565, 'l': 24.565, 't': 1682049600000, 'n': 5}",OK,24fb97bf3f49d4a7771872aa194ec8a9,426
AAA,426,426,True,"{'v': 546, 'vw': 24.5822, 'o': 24.59, 'c': 24.55, 'h': 24.59, 'l': 24.55, 't': 1682308800000, 'n': 14}",OK,24fb97bf3f49d4a7771872aa194ec8a9,426
AAA,426,426,True,"{'v': 2803, 'vw': 24.6085, 'o': 24.61, 'c': 24.61, 'h': 24.61, 'l': 24.576, 't': 1682395200000, 'n': 15}",OK,24fb97bf3f49d4a7771872aa194ec8a9,426
AAA,426,426,True,"{'v': 1602, 'vw': 24.6025, 'o': 24.65, 'c': 24.615, 'h': 24.65, 'l': 24.58, 't': 1682481600000, 'n': 17}",OK,24fb97bf3f49d4a7771872aa194ec8a9,426
AAA,426,426,True,"{'v': 105, 'vw': 24.6072, 'o': 24.6069, 'c': 24.615, 'h': 24.615, 'l': 24.6069, 't': 1682568000000, 'n': 6}",OK,24fb97bf3f49d4a7771872aa194ec8a9,426
AAA,426,426,True,"{'v': 344, 'vw': 25.2702, 'o': 24.59, 'c': 24.615, 'h': 24.615, 'l': 24.59, 't': 1682654400000, 'n': 11}",OK,24fb97bf3f49d4a7771872aa194ec8a9,426
AAA,426,426,True,"{'v': 127, 'vw': 24.5369, 'o': 24.55, 'c': 24.515, 'h': 24.55, 'l': 24.515, 't': 1682913600000, 'n': 10}",OK,24fb97bf3f49d4a7771872aa194ec8a9,426
AAA,426,426,True,"{'v': 1807, 'vw': 24.3747, 'o': 24.49, 'c': 24.52, 'h': 24.52, 'l': 24.49, 't': 1683000000000, 'n': 22}",OK,24fb97bf3f49d4a7771872aa194ec8a9,426
AAA,426,426,True,"{'v': 442, 'vw': 24.5417, 'o': 24.52, 'c': 24.53, 'h': 24.57, 'l': 24.52, 't': 1683086400000, 'n': 12}",OK,24fb97bf3f49d4a7771872aa194ec8a9,426
AAA,426,426,True,"{'v': 93, 'vw': 24.5223, 'o': 24.53, 'c': 24.53, 'h': 24.53, 'l': 24.53, 't': 1683172800000, 'n': 4}",OK,24fb97bf3f49d4a7771872aa194ec8a9,426
AAA,426,426,True,"{'v': 113, 'vw': 24.606, 'o': 24.58, 'c': 24.545, 'h': 24.58, 'l': 24.545, 't': 1683259200000, 'n': 5}",OK,24fb97bf3f49d4a7771872aa194ec8a9,426
AAA,426,426,True,"{'v': 505, 'vw': 24.5778, 'o': 24.5784, 'c': 24.545, 'h': 24.5784, 'l': 24.545, 't': 1683518400000, 'n': 3}",OK,24fb97bf3f49d4a7771872aa194ec8a9,426
AAA,426,426,True,"{'v': 84, 'vw': 24.53, 'o': 24.55, 'c': 24.55, 'h': 24.55, 'l': 24.55, 't': 1683604800000, 'n': 1}",OK,24fb97bf3f49d4a7771872aa194ec8a9,426
AAA,426,426,True,"{'v': 154, 'vw': 24.5159, 'o': 24.54, 'c': 24.54, 'h': 24.54, 'l': 24.54, 't': 1683691200000, 'n': 5}",OK,24fb97bf3f49d4a7771872aa194ec8a9,426
AAA,426,426,True,"{'v': 87, 'vw': 24.5311, 'o': 24.545, 'c': 24.545, 'h': 24.545, 'l': 24.545, 't': 1683777600000, 'n': 3}",OK,24fb97bf3f49d4a7771872aa194ec8a9,426
AAA,426,426,True,"{'v': 1480, 'vw': 24.5899, 'o': 24.5899, 'c': 24.55, 'h': 24.5899, 'l': 24.55, 't': 1683864000000, 'n': 3}",OK,24fb97bf3f49d4a7771872aa194ec8a9,426
AAA,426,426,True,"{'v': 845, 'vw': 24.5501, 'o': 24.55, 'c': 24.55, 'h': 24.55, 'l': 24.55, 't': 1684123200000, 'n': 10}",OK,24fb97bf3f49d4a7771872aa194ec8a9,426
AAA,426,426,True,"{'v': 111, 'vw': 24.5888, 'o': 24.59, 'c': 24.59, 'h': 24.59, 'l': 24.59, 't': 1684209600000, 'n': 5}",OK,24fb97bf3f49d4a7771872aa194ec8a9,426
AAA,426,426,True,"{'v': 133, 'vw': 24.5598, 'o': 24.56, 'c': 24.56, 'h': 24.56, 'l': 24.56, 't': 1684296000000, 'n': 5}",OK,24fb97bf3f49d4a7771872aa194ec8a9,426
AAA,426,426,True,"{'v': 9, 'vw': 24.5478, 'o': 24.56, 'c': 24.56, 'h': 24.56, 'l': 24.56, 't': 1684382400000, 'n': 6}",OK,24fb97bf3f49d4a7771872aa194ec8a9,426
AAA,426,426,True,"{'v': 62, 'vw': 24.54, 'o': 24.565, 'c': 24.565, 'h': 24.565, 'l': 24.565, 't': 1684468800000, 'n': 1}",OK,24fb97bf3f49d4a7771872aa194ec8a9,426
AAA,426,426,True,"{'v': 82, 'vw': 24.55, 'o': 24.565, 'c': 24.565, 'h': 24.565, 'l': 24.565, 't': 1684728000000, 'n': 2}",OK,24fb97bf3f49d4a7771872aa194ec8a9,426
AAA,426,426,True,"{'v': 3, 'vw': 24.6166, 'o': 24.57, 'c': 24.57, 'h': 24.57, 'l': 24.57, 't': 1684814400000, 'n': 3}",OK,24fb97bf3f49d4a7771872aa194ec8a9,426
AAA,426,426,True,"{'v': 242, 'vw': 24.56, 'o': 24.56, 'c': 24.56, 'h': 24.56, 'l': 24.56, 't': 1684900800000, 'n': 8}",OK,24fb97bf3f49d4a7771872aa194ec8a9,426
AAA,426,426,True,"{'v': 525, 'vw': 24.5854, 'o': 24.5855, 'c': 24.565, 'h': 24.5855, 'l': 24.565, 't': 1684987200000, 'n': 7}",OK,24fb97bf3f49d4a7771872aa194ec8a9,426
AAA,426,426,True,"{'v': 10, 'vw': 24.56, 'o': 24.575, 'c': 24.575, 'h': 24.575, 'l': 24.575, 't': 1685073600000, 'n': 1}",OK,24fb97bf3f49d4a7771872aa194ec8a9,426
AAA,426,426,True,"{'v': 162, 'vw': 24.5722, 'o': 24.56, 'c': 24.575, 'h': 24.575, 'l': 24.56, 't': 1685419200000, 'n': 8}",OK,24fb97bf3f49d4a7771872aa194ec8a9,426
AAA,426,426,True,"{'v': 471, 'vw': 24.5821, 'o': 24.6, 'c': 24.58, 'h': 24.6, 'l': 24.5601, 't': 1685505600000, 'n': 16}",OK,24fb97bf3f49d4a7771872aa194ec8a9,426
AAA,426,426,True,"{'v': 1723, 'vw': 24.4844, 'o': 24.441, 'c': 24.48, 'h': 24.51, 'l': 24.441, 't': 1685592000000, 'n': 34}",OK,24fb97bf3f49d4a7771872aa194ec8a9,426
AAA,426,426,True,"{'v': 147, 'vw': 24.4591, 'o': 24.46, 'c': 24.49, 'h': 24.49, 'l': 24.46, 't': 1685678400000, 'n': 13}",OK,24fb97bf3f49d4a7771872aa194ec8a9,426
AAA,426,426,True,"{'v': 211, 'vw': 24.4919, 'o': 24.48, 'c': 24.48, 'h': 24.48, 'l': 24.48, 't': 1685937600000, 'n': 15}",OK,24fb97bf3f49d4a7771872aa194ec8a9,426
AAA,426,426,True,"{'v': 4161, 'vw': 24.4866, 'o': 24.46, 'c': 24.495, 'h': 24.5293, 'l': 24.46, 't': 1686024000000, 'n': 24}",OK,24fb97bf3f49d4a7771872aa194ec8a9,426
AAA,426,426,True,"{'v': 135, 'vw': 24.4792, 'o': 24.5, 'c': 24.5, 'h': 24.5, 'l': 24.5, 't': 1686110400000, 'n': 14}",OK,24fb97bf3f49d4a7771872aa194ec8a9,426
AAA,426,426,True,"{'v': 1255, 'vw': 24.5484, 'o': 24.5485, 'c': 24.505, 'h': 24.5485, 'l': 24.505, 't': 1686196800000, 'n': 4}",OK,24fb97bf3f49d4a7771872aa194ec8a9,426
AAA,426,426,True,"{'v': 51, 'vw': 24.5269, 'o': 24.53, 'c': 24.53, 'h': 24.53, 'l': 24.53, 't': 1686283200000, 'n': 14}",OK,24fb97bf3f49d4a7771872aa194ec8a9,426
AAA,426,426,True,"{'v': 436, 'vw': 24.5512, 'o': 24.57, 'c': 24.535, 'h': 24.57, 'l': 24.535, 't': 1686542400000, 'n': 20}",OK,24fb97bf3f49d4a7771872aa194ec8a9,426
AAA,426,426,True,"{'v': 870, 'vw': 24.58, 'o': 24.5999, 'c': 24.565, 'h': 24.5999, 'l': 24.565, 't': 1686628800000, 'n': 37}",OK,24fb97bf3f49d4a7771872aa194ec8a9,426
AAA,426,426,True,"{'v': 2502, 'vw': 24.5961, 'o': 24.5999, 'c': 24.595, 'h': 24.6, 'l': 24.575, 't': 1686715200000, 'n': 13}",OK,24fb97bf3f49d4a7771872aa194ec8a9,426
AAA,426,426,True,"{'v': 589, 'vw': 24.5897, 'o': 24.6, 'c': 24.6, 'h': 24.6, 'l': 24.56, 't': 1686801600000, 'n': 15}",OK,24fb97bf3f49d4a7771872aa194ec8a9,426
AAA,426,426,True,"{'v': 1029, 'vw': 24.5703, 'o': 24.57, 'c': 24.605, 'h': 24.605, 'l': 24.57, 't': 1686888000000, 'n': 16}",OK,24fb97bf3f49d4a7771872aa194ec8a9,426
AAA,426,426,True,"{'v': 879, 'vw': 24.6392, 'o': 24.64, 'c': 24.61, 'h': 24.64, 'l': 24.61, 't': 1687233600000, 'n': 12}",OK,24fb97bf3f49d4a7771872aa194ec8a9,426
AAA,426,426,True,"{'v': 115, 'vw': 24.6495, 'o': 24.65, 'c': 24.62, 'h': 24.65, 'l': 24.62, 't': 1687320000000, 'n': 3}",OK,24fb97bf3f49d4a7771872aa194ec8a9,426
AAA,426,426,True,"{'v': 191, 'vw': 24.641, 'o': 24.6699, 'c': 24.625, 'h': 24.6699, 'l': 24.625, 't': 1687406400000, 'n': 4}",OK,24fb97bf3f49d4a7771872aa194ec8a9,426
AAA,426,426,True,"{'v': 363, 'vw': 24.6529, 'o': 24.66, 'c': 24.635, 'h': 24.66, 'l': 24.635, 't': 1687492800000, 'n': 11}",OK,24fb97bf3f49d4a7771872aa194ec8a9,426
AAA,426,426,True,"{'v': 81, 'vw': 24.6253, 'o': 24.645, 'c': 24.645, 'h': 24.645, 'l': 24.645, 't': 1687752000000, 'n': 6}",OK,24fb97bf3f49d4a7771872aa194ec8a9,426
AAA,426,426,True,"{'v': 108, 'vw': 24.6606, 'o': 24.66, 'c': 24.66, 'h': 24.66, 'l': 24.66, 't': 1687838400000, 'n': 3}",OK,24fb97bf3f49d4a7771872aa194ec8a9,426
AAA,426,426,True,"{'v': 160, 'vw': 24.6323, 'o': 24.631, 'c': 24.67, 'h': 24.67, 'l': 24.631, 't': 1687924800000, 'n': 5}",OK,24fb97bf3f49d4a7771872aa194ec8a9,426
AAA,426,426,True,"{'v': 50, 'vw': 24.6872, 'o': 24.66, 'c': 24.66, 'h': 24.66, 'l': 24.66, 't': 1688011200000, 'n': 7}",OK,24fb97bf3f49d4a7771872aa194ec8a9,426
AAA,426,426,True,"{'v': 505, 'vw': 24.6774, 'o': 24.66, 'c': 24.66, 'h': 24.69, 'l': 24.66, 't': 1688097600000, 'n': 14}",OK,24fb97bf3f49d4a7771872aa194ec8a9,426
AAA,426,426,True,"{'v': 181, 'vw': 24.5541, 'o': 24.57, 'c': 24.54, 'h': 24.57, 'l': 24.54, 't': 1688356800000, 'n': 5}",OK,24fb97bf3f49d4a7771872aa194ec8a9,426
AAA,426,426,True,"{'v': 441, 'vw': 24.5789, 'o': 24.599, 'c': 24.56, 'h': 24.599, 'l': 24.56, 't': 1688529600000, 'n': 8}",OK,24fb97bf3f49d4a7771872aa194ec8a9,426
AAA,426,426,True,"{'v': 408, 'vw': 24.6001, 'o': 24.61, 'c': 24.58, 'h': 24.61, 'l': 24.55, 't': 1688616000000, 'n': 15}",OK,24fb97bf3f49d4a7771872aa194ec8a9,426
AAA,426,426,True,"{'v': 126, 'vw': 24.6181, 'o': 24.5847, 'c': 24.5847, 'h': 24.5847, 'l': 24.5847, 't': 1688702400000, 'n': 9}",OK,24fb97bf3f49d4a7771872aa194ec8a9,426
AAA,426,426,True,"{'v': 1400, 'vw': 24.7685, 'o': 24.82, 'c': 24.6197, 'h': 24.82, 'l': 24.6197, 't': 1688961600000, 'n': 9}",OK,24fb97bf3f49d4a7771872aa194ec8a9,426
AAA,426,426,True,"{'v': 285, 'vw': 24.6247, 'o': 24.6476, 'c': 24.61, 'h': 24.6476, 'l': 24.61, 't': 1689048000000, 'n': 4}",OK,24fb97bf3f49d4a7771872aa194ec8a9,426
AAA,426,426,True,"{'v': 1024, 'vw': 24.6258, 'o': 24.626, 'c': 24.61, 'h': 24.626, 'l': 24.61, 't': 1689134400000, 'n': 11}",OK,24fb97bf3f49d4a7771872aa194ec8a9,426
AAA,426,426,True,"{'v': 1224, 'vw': 24.6209, 'o': 24.59, 'c': 24.62, 'h': 24.6599, 'l': 24.59, 't': 1689220800000, 'n': 13}",OK,24fb97bf3f49d4a7771872aa194ec8a9,426
AAA,426,426,True,"{'v': 824, 'vw': 24.6383, 'o': 24.605, 'c': 24.62, 'h': 24.65, 'l': 24.605, 't': 1689307200000, 'n': 12}",OK,24fb97bf3f49d4a7771872aa194ec8a9,426
AAA,426,426,True,"{'v': 277, 'vw': 24.6376, 'o': 24.66, 'c': 24.66, 'h': 24.66, 'l': 24.66, 't': 1689566400000, 'n': 5}",OK,24fb97bf3f49d4a7771872aa194ec8a9,426
AAA,426,426,True,"{'v': 138, 'vw': 24.6323, 'o': 24.64, 'c': 24.64, 'h': 24.64, 'l': 24.64, 't': 1689652800000, 'n': 7}",OK,24fb97bf3f49d4a7771872aa194ec8a9,426
AAA,426,426,True,"{'v': 158, 'vw': 24.6719, 'o': 24.645, 'c': 24.645, 'h': 24.645, 'l': 24.645, 't': 1689739200000, 'n': 6}",OK,24fb97bf3f49d4a7771872aa194ec8a9,426
AAA,426,426,True,"{'v': 253, 'vw': 24.671, 'o': 24.67, 'c': 24.67, 'h': 24.67, 'l': 24.67, 't': 1689825600000, 'n': 6}",OK,24fb97bf3f49d4a7771872aa194ec8a9,426
AAA,426,426,True,"{'v': 6821, 'vw': 24.6854, 'o': 24.69, 'c': 24.715, 'h': 24.715, 'l': 24.68, 't': 1689912000000, 'n': 65}",OK,24fb97bf3f49d4a7771872aa194ec8a9,426
AAA,426,426,True,"{'v': 106, 'vw': 24.7115, 'o': 24.71, 'c': 24.73, 'h': 24.73, 'l': 24.71, 't': 1690171200000, 'n': 4}",OK,24fb97bf3f49d4a7771872aa194ec8a9,426
AAA,426,426,True,"{'v': 106, 'vw': 24.7204, 'o': 24.72, 'c': 24.73, 'h': 24.73, 'l': 24.72, 't': 1690257600000, 'n': 6}",OK,24fb97bf3f49d4a7771872aa194ec8a9,426
AAA,426,426,True,"{'v': 66, 'vw': 24.7355, 'o': 24.74, 'c': 24.74, 'h': 24.74, 'l': 24.74, 't': 1690344000000, 'n': 8}",OK,24fb97bf3f49d4a7771872aa194ec8a9,426
AAA,426,426,True,"{'v': 4, 'vw': 24.7418, 'o': 24.745, 'c': 24.745, 'h': 24.745, 'l': 24.745, 't': 1690430400000, 'n': 2}",OK,24fb97bf3f49d4a7771872aa194ec8a9,426
AAA,426,426,True,"{'v': 931, 'vw': 24.7493, 'o': 24.7497, 'c': 24.775, 'h': 24.775, 'l': 24.7497, 't': 1690516800000, 'n': 13}",OK,24fb97bf3f49d4a7771872aa194ec8a9,426
AAA,426,426,True,"{'v': 7806, 'vw': 24.8185, 'o': 24.75, 'c': 24.78, 'h': 25.09, 'l': 24.75, 't': 1690776000000, 'n': 53}",OK,24fb97bf3f49d4a7771872aa194ec8a9,426
AAA,426,426,True,"{'v': 326, 'vw': 24.6437, 'o': 24.5905, 'c': 24.65, 'h': 24.67, 'l': 24.5905, 't': 1690862400000, 'n': 9}",OK,24fb97bf3f49d4a7771872aa194ec8a9,426
AAA,426,426,True,"{'v': 3930, 'vw': 24.6774, 'o': 24.63, 'c': 24.66, 'h': 24.6888, 'l': 24.63, 't': 1690948800000, 'n': 40}",OK,24fb97bf3f49d4a7771872aa194ec8a9,426
AAA,426,426,True,"{'v': 10145, 'vw': 24.6846, 'o': 24.64, 'c': 24.67, 'h': 24.7, 'l': 24.64, 't': 1691035200000, 'n': 79}",OK,24fb97bf3f49d4a7771872aa194ec8a9,426
AAA,426,426,True,"{'v': 682, 'vw': 24.7118, 'o': 24.6976, 'c': 24.67, 'h': 24.7, 'l': 24.67, 't': 1691121600000, 'n': 11}",OK,24fb97bf3f49d4a7771872aa194ec8a9,426
